# stock 模块 import 的 (符号, CRC) 基线
# 由 scripts/crc_check.py --dump 生成；CRC 闸门读它，
# 这样就不必把厂商 .ko 分发进仓库。
# 格式: 符号<TAB>CRC(0x十六进制)
PDE_DATA	0x5927f85f
__ClearPageMovable	0xf30e6b61
__SetPageMovable	0x3b0c217a
___pskb_trim	0x5ed4446a
___ratelimit	0x1d24c881
__alloc_pages	0x58b04525
__alloc_percpu	0x949f7342
__alloc_skb	0xb9b1f28d
__arch_copy_from_user	0x12a4e128
__arch_copy_to_user	0x6cbbfc54
__arm_smccc_smc	0xf93aae46
__balance_callbacks	0x1cbc558d
__bitmap_clear	0x922f45a6
__bitmap_or	0xa084749a
__bitmap_set	0x615911d7
__blk_alloc_disk	0x8d65eb42
__cfg80211_alloc_event_skb	0x02e0eda0
__cfg80211_alloc_reply_skb	0xd06c4527
__cfg80211_send_event_skb	0xc97cab18
__cfi_slowpath_diag	0x4411a445
__check_object_size	0x88db9f48
__class_create	0x5c4cffba
__class_register	0x8e212945
__clk_determine_rate	0x7623e624
__clk_get_hw	0x1b08f0ee
__clk_get_name	0xc569d8ce
__clk_is_enabled	0xc6a4a872
__clk_mux_determine_rate_closest	0x58d8951f
__const_udelay	0xeae3dfd6
__cpu_active_mask	0x15db3b99
__cpu_online_mask	0xac594e02
__cpu_possible_mask	0xde7ece30
__cpu_present_mask	0xb3055449
__cpufreq_driver_target	0xe43e2cff
__cpuhp_remove_state	0xaa071bc3
__cpuhp_setup_state	0x80446745
__cpuhp_setup_state_cpuslocked	0x7dd98ec4
__cpuhp_state_add_instance	0xd298f619
__cpuhp_state_remove_instance	0xc60c809e
__dev_change_net_namespace	0x0f5f3343
__dev_get_by_index	0xb8543eb6
__dev_kfree_skb_any	0x2a3dc045
__devm_iio_device_register	0x20055eca
__devm_of_phy_provider_register	0xd251af97
__devm_regmap_init	0x3289931e
__devm_regmap_init_i2c	0x9b7ed4e8
__devm_regmap_init_mmio_clk	0xbb01e074
__devm_regmap_init_spmi_ext	0x58c7d11a
__devm_regmap_init_swr	0x2f70392a
__devm_request_region	0xdd7669ba
__devm_reset_control_get	0x8cf1518f
__devm_rtc_register_device	0x14b3f37c
__devres_alloc_node	0x8bf931e9
__drm_atomic_helper_connector_destroy_state	0xcb3a10e4
__drm_atomic_helper_connector_duplicate_state	0x6f5bc337
__drm_atomic_helper_connector_reset	0x456d9e1a
__drm_atomic_helper_crtc_destroy_state	0x51733d2a
__drm_atomic_helper_crtc_duplicate_state	0x0ad7cc2a
__drm_atomic_helper_plane_duplicate_state	0xb8eaf34c
__drm_atomic_state_free	0xb9cad492
__drm_dbg	0xec12af74
__drm_debug	0x4f18a150
__drm_err	0xb11ac7a7
__drm_printfn_coredump	0xea00fe81
__drm_puts_coredump	0x3b0e5e9c
__find_vma	0x7d1fe95e
__free_pages	0x5157c749
__get_free_pages	0x6a5cb5ee
__get_task_comm	0x4428fb5e
__gpr_driver_register	0x7113bd0c
__hrtimer_get_remaining	0xed269ad2
__hwspin_lock_timeout	0x9b789cf1
__hwspin_unlock	0xa7bc3c0c
__icnss_register_driver	0xbfa44e20
__init_rwsem	0xf5a94b83
__init_swait_queue_head	0x608741b5
__init_waitqueue_head	0xd9a5ea54
__ioread32_copy	0x3801776b
__ioremap	0x6b4b2933
__iowrite32_copy	0x2dba276a
__ipv6_addr_type	0x0d542439
__irq_domain_add	0x5467e196
__irq_resolve_mapping	0x6bf72794
__kfifo_alloc	0x139f2189
__kfifo_free	0xdb760f52
__kfifo_in	0xf23fcb99
__kfifo_out	0x13d0adf7
__kfifo_to_user	0x4578f528
__kmalloc	0xeb233a45
__kthread_init_worker	0xc0117038
__list_add_valid	0x68f31cbd
__list_del_entry_valid	0xe1537255
__local_bh_enable_ip	0x3c3fce39
__media_device_register	0x93da7b57
__memcat_p	0xd64ed259
__memcpy_fromio	0x5d112304
__memcpy_toio	0xf77555cd
__memset_io	0x18b48e28
__migrate_task	0x95203075
__mmap_lock_do_trace_acquire_returned	0x1ed3e175
__mmap_lock_do_trace_released	0x86832082
__mmap_lock_do_trace_start_locking	0x583d61bc
__mmc_claim_host	0x83bb45fc
__module_get	0x2176ae6f
__msecs_to_jiffies	0x7f02188f
__mutex_init	0xa571f6b0
__napi_schedule	0x32d96e7b
__netdev_alloc_skb	0xc4646201
__netif_napi_del	0x0b393607
__netlink_kernel_create	0x42468dbb
__nla_parse	0x420964e3
__nla_validate	0x431ec3a9
__nlmsg_put	0xbeff675b
__num_online_cpus	0xc60d0620
__of_get_address	0x9e7064e0
__per_cpu_offset	0x280f9f14
__platform_driver_register	0xfc45e713
__pm_relax	0x3b6fa98a
__pm_runtime_disable	0xdad7de90
__pm_runtime_idle	0xfaeb4169
__pm_runtime_resume	0x61dd786a
__pm_runtime_set_status	0x96f6c9fa
__pm_runtime_suspend	0xa7964c48
__pm_runtime_use_autosuspend	0xd0c225ad
__pm_stay_awake	0xfea1e7b4
__pskb_pull_tail	0xa76ece10
__put_net	0x98662f48
__put_page	0xcba94ed2
__put_task_struct	0x00a8ebe4
__rcu_read_lock	0x8d522714
__rcu_read_unlock	0x2469810f
__refrigerator	0x04482cdb
__register_blkdev	0x720a27a7
__register_chrdev	0xa8a05008
__register_rpmsg_driver	0x3f639c10
__regmap_init	0x9e688ddc
__release_region	0x1848221d
__request_module	0xa24f23d8
__request_percpu_irq	0x7bb045a7
__request_region	0x0ca39ba0
__scsi_iterate_devices	0xba8d52af
__scsi_print_sense	0x55b208bc
__sdhci_add_host	0x1a1e740a
__sdhci_set_timeout	0x5a32a947
__sg_page_iter_dma_next	0xcc445ceb
__sg_page_iter_next	0x7c9ca58f
__sg_page_iter_start	0xccd4c999
__skb_gso_segment	0xb1526bb2
__skb_pad	0x3c27a1cf
__slim_driver_register	0x3f08b5ee
__sock_create	0xa138ffba
__spi_alloc_controller	0x90a816f8
__spi_register_driver	0x9ba73443
__spmi_driver_register	0xc7b2f1c5
__srcu_read_lock	0xfb6e276c
__srcu_read_unlock	0x463728ec
__stack_chk_fail	0xc2c193d2
__sw_hweight16	0x57674fd7
__sw_hweight32	0x74c134b9
__sw_hweight64	0x9f46ced8
__sw_hweight8	0xdc3fcbc9
__task_pid_nr_ns	0x0bd53bd8
__task_rq_lock	0x99b20e6f
__tasklet_hi_schedule	0x3e3bad0a
__tasklet_schedule	0x9d2ab8ac
__trace_bprintk	0xa20d01ba
__traceiter_bw_hwmon_debug	0x77d8e162
__traceiter_bw_hwmon_meas	0x834763e3
__traceiter_bw_hwmon_update	0x8bf77743
__traceiter_gpu_mem_total	0x448af6f4
__traceiter_memlat_dev_meas	0x12b92842
__traceiter_memlat_dev_update	0x93480e80
__traceiter_rproc_qcom_event	0x1b792262
__tracepoint_android_rvh_account_irq_end	0x1f7e18cc
__tracepoint_android_rvh_account_irq_start	0xe2fef5e6
__tracepoint_android_rvh_after_dequeue_task	0x9ad4f5ba
__tracepoint_android_rvh_after_enqueue_task	0x36d08831
__tracepoint_android_rvh_audio_usb_offload_disconnect	0xb46edc7c
__tracepoint_android_rvh_build_perf_domains	0x7ff307b5
__tracepoint_android_rvh_can_migrate_task	0x89ef9455
__tracepoint_android_rvh_check_preempt_wakeup	0x7e34ad6c
__tracepoint_android_rvh_cpu_cgroup_attach	0xe5107ad0
__tracepoint_android_rvh_cpu_cgroup_online	0x3f3039c2
__tracepoint_android_rvh_do_ptrauth_fault	0x6c5c2192
__tracepoint_android_rvh_do_sched_yield	0xe4ee9cad
__tracepoint_android_rvh_do_undefinstr	0x048a1e8c
__tracepoint_android_rvh_find_busiest_queue	0x7681ac90
__tracepoint_android_rvh_find_lowest_rq	0xd1276946
__tracepoint_android_rvh_flush_task	0x97640e4f
__tracepoint_android_rvh_get_nohz_timer_target	0x11bfb9a4
__tracepoint_android_rvh_iommu_setup_dma_ops	0x2461d175
__tracepoint_android_rvh_is_cpu_allowed	0xfe153f7a
__tracepoint_android_rvh_new_task_stats	0x798d7748
__tracepoint_android_rvh_replace_next_task_fair	0xa95004c7
__tracepoint_android_rvh_rto_next_cpu	0x81a1754b
__tracepoint_android_rvh_sched_cpu_dying	0x14e26599
__tracepoint_android_rvh_sched_cpu_starting	0xdd953146
__tracepoint_android_rvh_sched_exec	0x39d63958
__tracepoint_android_rvh_sched_fork_init	0x2071a467
__tracepoint_android_rvh_sched_getaffinity	0x945e7963
__tracepoint_android_rvh_sched_newidle_balance	0xbadefe48
__tracepoint_android_rvh_sched_nohz_balancer_kick	0x52e58c76
__tracepoint_android_rvh_sched_setaffinity	0x9b40afe0
__tracepoint_android_rvh_schedule	0xb6bce8f8
__tracepoint_android_rvh_select_task_rq_fair	0x4bfae7d4
__tracepoint_android_rvh_select_task_rq_rt	0xa1f10509
__tracepoint_android_rvh_set_cpus_allowed_by_task	0xb9f0b1bc
__tracepoint_android_rvh_set_task_cpu	0x0b7e6c73
__tracepoint_android_rvh_show_max_freq	0xc2dce519
__tracepoint_android_rvh_tick_entry	0x0bd72419
__tracepoint_android_rvh_try_to_wake_up	0x82233cc0
__tracepoint_android_rvh_ttwu_cond	0xb96cdd49
__tracepoint_android_rvh_update_cpu_capacity	0xef03083e
__tracepoint_android_rvh_update_cpus_allowed	0xf9395534
__tracepoint_android_rvh_update_misfit_status	0xfbbc1cd6
__tracepoint_android_rvh_update_thermal_stats	0x2c27bcc8
__tracepoint_android_rvh_wake_up_new_task	0x6b60d8f1
__tracepoint_android_vh_alter_mutex_list_add	0x7dbea13a
__tracepoint_android_vh_audio_usb_offload_connect	0x33a52dcb
__tracepoint_android_vh_binder_alloc_new_buf_locked	0x02c7faf0
__tracepoint_android_vh_binder_preset	0xf03cd6d3
__tracepoint_android_vh_binder_reply	0x39132f3d
__tracepoint_android_vh_binder_restore_priority	0xbf6d3788
__tracepoint_android_vh_binder_set_priority	0x03b21b81
__tracepoint_android_vh_binder_trans	0x2bda2355
__tracepoint_android_vh_binder_wait_for_work	0xbac548dc
__tracepoint_android_vh_binder_wakeup_ilocked	0x220013f3
__tracepoint_android_vh_check_uninterruptible_tasks	0x66dea1b7
__tracepoint_android_vh_check_uninterruptible_tasks_dn	0x7bbce92e
__tracepoint_android_vh_cpu_idle_enter	0x656d334c
__tracepoint_android_vh_cpu_idle_exit	0x51b29892
__tracepoint_android_vh_disable_thermal_cooling_stats	0x5e447fbe
__tracepoint_android_vh_do_send_sig_info	0x6db82691
__tracepoint_android_vh_ftrace_dump_buffer	0x92d99a98
__tracepoint_android_vh_ftrace_format_check	0xc057d825
__tracepoint_android_vh_ftrace_oops_enter	0x8c9d9155
__tracepoint_android_vh_ftrace_oops_exit	0xc2b5b494
__tracepoint_android_vh_ftrace_size_check	0x0ba7dff6
__tracepoint_android_vh_ipi_stop	0x9e6c28b2
__tracepoint_android_vh_jiffies_update	0x5415675e
__tracepoint_android_vh_logbuf	0x00d97de0
__tracepoint_android_vh_logbuf_pr_cont	0x0d281fc1
__tracepoint_android_vh_mmc_sdio_pm_flag_set	0x80ed5c28
__tracepoint_android_vh_mmc_update_partition_status	0x29c9f09c
__tracepoint_android_vh_mutex_wait_start	0x63ae9c7e
__tracepoint_android_vh_printk_hotplug	0x7f6382dd
__tracepoint_android_vh_rproc_recovery	0x2941030b
__tracepoint_android_vh_rproc_recovery_set	0xf3adfa5d
__tracepoint_android_vh_scheduler_tick	0xa3e74b24
__tracepoint_android_vh_timer_calc_index	0x8c419ab6
__tracepoint_android_vh_ufs_check_int_errors	0xb5efc415
__tracepoint_android_vh_ufs_compl_command	0x6e94a500
__tracepoint_android_vh_ufs_send_command	0x0847d889
__tracepoint_android_vh_ufs_send_tm_command	0x7dd2b334
__tracepoint_android_vh_ufs_send_uic_command	0xa319f0c8
__tracepoint_android_vh_ufs_update_sdev	0x1b2613e0
__tracepoint_android_vh_update_topology_flags_workfn	0xb3f82f71
__tracepoint_bw_hwmon_debug	0x703d66a4
__tracepoint_bw_hwmon_meas	0xe94cf49e
__tracepoint_bw_hwmon_update	0x69400281
__tracepoint_cpu_frequency_limits	0xe279d62c
__tracepoint_gpu_mem_total	0x16fa73fe
__tracepoint_ipi_entry	0x3f573f55
__tracepoint_ipi_raise	0xe612228f
__tracepoint_memlat_dev_meas	0x1d14d8bf
__tracepoint_memlat_dev_update	0xd7078fd9
__tracepoint_mmap_lock_acquire_returned	0xbe118c52
__tracepoint_mmap_lock_released	0x5efdd68b
__tracepoint_mmap_lock_start_locking	0xbd628752
__tracepoint_rproc_qcom_event	0x96e7c744
__tracepoint_sched_overutilized_tp	0xad25602f
__tracepoint_sched_switch	0x4044ba28
__tracepoint_suspend_resume	0xfede9222
__tty_insert_flip_char	0xc5a003b1
__ubsan_handle_cfi_check_fail_abort	0xdf7a4c69
__udelay	0x9e7d6bd0
__uio_register_device	0xd7ec63ac
__unregister_chrdev	0x6bc3fbc0
__usecs_to_jiffies	0xf1969a8e
__v4l2_device_register_subdev_nodes	0xacba8781
__video_register_device	0x81874570
__wake_up	0x3eeb2322
__wake_up_locked	0x2773c485
__warn_printk	0x56470118
__xa_alloc	0x9114b616
__xa_alloc_cyclic	0xb04a43ad
__xa_insert	0x7dcf4135
_ctype	0x11089ac7
_dev_crit	0x4f6ca275
_dev_emerg	0x716cbc52
_dev_err	0xfb83a2a6
_dev_info	0x6aefebc3
_dev_notice	0xce82ef75
_dev_warn	0xf4cff926
_find_first_bit	0x8810754a
_find_first_zero_bit	0x7b37d4a7
_find_next_bit	0xa50a3da7
_printk	0x92997ed8
_printk_deferred	0x1e19eb6c
_raw_read_lock	0xfe8c61f0
_raw_read_lock_bh	0x8dee722d
_raw_read_lock_irq	0x48112d76
_raw_read_lock_irqsave	0xb1342cdb
_raw_read_unlock	0xdd4d55b6
_raw_read_unlock_bh	0xaeb082ad
_raw_read_unlock_irq	0xa58af0a6
_raw_read_unlock_irqrestore	0xdf2ebb87
_raw_spin_lock	0xba8fbd64
_raw_spin_lock_bh	0x0c3690fc
_raw_spin_lock_irq	0x8427cc7b
_raw_spin_lock_irqsave	0x34db050b
_raw_spin_trylock	0xfef216eb
_raw_spin_trylock_bh	0x8518a4a6
_raw_spin_unlock	0xb5b54b34
_raw_spin_unlock_bh	0xe46021ca
_raw_spin_unlock_irq	0x4b750f53
_raw_spin_unlock_irqrestore	0xd35cce70
_raw_write_lock	0xe68efe41
_raw_write_lock_bh	0x51a511eb
_raw_write_lock_irq	0x3aca0190
_raw_write_lock_irqsave	0x5021bd81
_raw_write_unlock	0x40235c98
_raw_write_unlock_bh	0xe7ab1ecc
_raw_write_unlock_irq	0x9f76baf4
_raw_write_unlock_irqrestore	0xeb078aee
_snd_pcm_hw_params_any	0x0283dfe3
_totalram_pages	0x944375db
activate_task	0xad8332f3
add_cpu	0x7eb808d0
add_device_randomness	0x2fb6de5d
add_memory	0xbd7aaaee
add_timer	0x65744673
add_uevent_var	0x9c6febfc
adjust_managed_page_count	0xd3c2b116
aes_encrypt	0x77e9eb37
aes_expandkey	0x558b281d
alarm_cancel	0x536e1fa7
alarm_expires_remaining	0x0bc0c003
alarm_init	0x1fbe3658
alarm_start_relative	0xfeb6361a
alarmtimer_get_rtcdev	0x98ecebda
alloc_anon_inode	0x6c80e764
alloc_chrdev_region	0xe3ec2f2b
alloc_io_pgtable_ops	0x5bdbba72
alloc_netdev_mqs	0xb2f23b63
alloc_skb_with_frags	0x26674c8f
alloc_workqueue	0x49cd25ed
amba_bustype	0xd1f5ea4e
amba_driver_register	0xc9612a27
amba_driver_unregister	0x27f38456
android_debug_for_each_module	0x1840ff6f
android_debug_per_cpu_symbol	0x8ee3d8d9
android_debug_symbol	0xbd5ade9a
android_kmalloc_64_create	0x10d71d02
android_rvh_probe_register	0x7fbbd0bb
anon_inode_getfile	0xaa2104ae
arch_freq_scale	0x18e8c440
arch_timer_read_counter	0x75fb9062
argv_free	0xe0b13336
argv_split	0x7380dffa
arm64_const_caps_ready	0x14b89635
arm64_use_ng_mappings	0xaf56600a
atomic_notifier_call_chain	0xd3752c27
atomic_notifier_chain_register	0x2b9997fb
atomic_notifier_chain_unregister	0x7181db30
audio_notifier_deregister	0xc5656b4d
audio_notifier_probe_status	0x4717c148
audio_notifier_register	0xa7fe7810
audio_pdr_service_deregister	0x386bf0da
audio_pdr_service_register	0xe4555ceb
audio_prm_set_lpass_clk_cfg	0x0df30c99
audio_prm_set_lpass_hw_core_req	0x8e0a0301
audio_prm_set_lpi_logging_status	0xa8ec15e6
audio_prm_set_vote_against_sleep	0x83b5b487
autoremove_wake_function	0xad73041f
available_idle_cpu	0x2088e082
backlight_device_get_by_type	0x1ce9ca87
backlight_device_register	0x880085e5
backlight_device_set_brightness	0x81d9fe8d
backlight_device_unregister	0xaef2339b
balance_push_callback	0x89cc791d
bcmp	0x263c3152
bio_add_page	0x6721887b
bio_alloc_bioset	0xa36427e2
bio_associate_blkg	0xee691d8e
bio_chain	0x085611f9
bio_end_io_acct_remapped	0xf86ce723
bio_endio	0x1a124aa0
bio_init	0x6f60cbe5
bio_put	0x91072e5a
bio_start_io_acct	0x16ac31c9
bitmap_allocate_region	0xdac4913a
bitmap_find_next_zero_area_off	0x64127b67
bitmap_print_to_pagebuf	0xf474c21c
bitmap_release_region	0x574c2e74
bkl_backlight_device_set_brightness	0x104dbe87
bkl_brightness_set	0x5890a4d1
bkl_power_switch	0x66d47f8e
blk_cleanup_disk	0xdb409f3d
blk_execute_rq_nowait	0x70693b18
blk_get_request	0xc4b63204
blk_mq_rq_cpu	0x6b14ba81
blk_put_request	0x46adeccc
blk_queue_flag_clear	0x6ebecff6
blk_queue_flag_set	0xcc56086d
blk_queue_io_min	0x9f3fea36
blk_queue_io_opt	0x3cac3e9d
blk_queue_logical_block_size	0xa6d5b6dc
blk_queue_max_discard_sectors	0x8b6dfdcd
blk_queue_max_write_zeroes_sectors	0x5b4aecf7
blk_queue_physical_block_size	0xbea60fdd
blk_rq_map_user	0xa683f1f8
blk_rq_map_user_iov	0xd3ebef31
blk_rq_unmap_user	0xbafd6e53
blk_status_to_errno	0x84502a47
blkdev_get_by_dev	0x2f9a403c
blkdev_put	0x67a7f125
blocking_notifier_call_chain	0x8317ad7c
blocking_notifier_chain_register	0xbb0c86a5
blocking_notifier_chain_unregister	0x963aa2a9
bolero_check_core_votes	0xd34b48f3
bolero_clear_amic_tx_hold	0xe3cd96e8
bolero_clk_rsc_fs_gen_request	0x569ecd18
bolero_clk_rsc_request_clock	0xee9c24c1
bolero_dmic_clk_enable	0xdabd82d8
bolero_get_device_ptr	0xb959ad61
bolero_get_version	0xbe8f5885
bolero_info_create_codec_entry	0x494af1d0
bolero_is_va_macro_registered	0x2de04794
bolero_register_event_listener	0x9eb6b7b9
bolero_register_macro	0x60431235
bolero_register_wake_irq	0x54ff046f
bolero_rsc_clk_reset	0xd5090857
bolero_runtime_resume	0x77a4f3b4
bolero_runtime_suspend	0xfd20c1b7
bolero_rx_pa_on	0xb5d65c9a
bolero_set_port_map	0x645b1834
bolero_tx_clk_switch	0x6575792b
bolero_tx_mclk_enable	0x58aa96b8
bolero_unregister_macro	0xda877191
bpf_trace_run1	0xc66abdd8
bpf_trace_run10	0x186658fd
bpf_trace_run11	0xeb39220e
bpf_trace_run12	0x413cae7a
bpf_trace_run2	0x5b75e521
bpf_trace_run3	0xbd3f1d89
bpf_trace_run4	0x4efc6489
bpf_trace_run5	0x6cd7cede
bpf_trace_run6	0xb6ca7751
bpf_trace_run7	0x0d4f2fe5
bpf_trace_run8	0x96a3087c
bpf_trace_run9	0xe5fc6f76
btpower_get_chipset_version	0xa7257344
btpower_register_slimdev	0x840e3489
build_skb	0x0ff5522b
bus_find_device	0x467a1371
bus_for_each_dev	0x58f4e904
bus_register	0x075aa1e4
bus_set_iommu	0x1b878ba1
bus_unregister	0xc2b8ddef
call_rcu	0x28aa6a67
cancel_delayed_work	0xda571594
cancel_delayed_work_sync	0xf8beca97
cancel_work_sync	0xd969d6f4
capable	0xc6cbbc89
cdev_add	0xf9ff6a03
cdev_alloc	0x508124fc
cdev_del	0xb13f0d72
cdev_device_add	0x9f1950ac
cdev_device_del	0xb1a2351d
cdev_init	0x88a509d5
cdev_tevent_add_int	0x4adf70c8
cdev_tevent_add_str	0x65d7dc25
cdev_tevent_alloc	0x04071551
cdev_tevent_destroy	0x2efdafc8
cdev_tevent_write	0x74b3b77c
cfg80211_calculate_bitrate	0x22aee32f
cfg80211_ch_switch_notify	0xc0a3556a
cfg80211_chandef_create	0xc0070883
cfg80211_connect_done	0xf9de9039
cfg80211_del_sta_sinfo	0xe0ba623c
cfg80211_disconnected	0x1b32ab68
cfg80211_external_auth_request	0x1e1e3965
cfg80211_get_bss	0x3e8ccf87
cfg80211_gtk_rekey_notify	0x5ed9bb73
cfg80211_inform_bss_frame_data	0x265fb573
cfg80211_mgmt_tx_status_ext	0x3474cc11
cfg80211_michael_mic_failure	0x519c21db
cfg80211_new_sta	0xd4f8396d
cfg80211_pmksa_candidate_notify	0x3cfa965e
cfg80211_put_bss	0xcad776c4
cfg80211_ready_on_channel	0x3701311c
cfg80211_register_netdevice	0x11b5d787
cfg80211_remain_on_channel_expired	0x03c0f674
cfg80211_roamed	0x2984f2fe
cfg80211_rx_mgmt_ext	0xa6284e78
cfg80211_rx_unprot_mlme_mgmt	0xd8d115fd
cfg80211_scan_done	0x8205fcb1
cfg80211_sched_scan_results	0xd396002c
cfg80211_stop_iface	0x1738d3cb
cfg80211_tdls_oper_request	0x2184e2a5
cfg80211_unlink_bss	0xa314007e
cfg80211_unregister_wdev	0xe5ea9938
cfg80211_update_owe_info_event	0x3b8d1c2f
cfg80211_vendor_cmd_get_sender	0x7da1f6de
cfg80211_vendor_cmd_reply	0x0626fe85
cgroup_add_legacy_cftypes	0xb3972323
cgroup_path_ns	0xddd0f5a9
cgroup_taskset_first	0xa776e0ec
cgroup_taskset_next	0x715260b0
check_preempt_curr	0x590d4791
check_zeroed_user	0x0bfc1d1a
class_create_file_ns	0x82ac9013
class_destroy	0x7fe2eb19
class_find_device	0x94f212bd
class_for_each_device	0x70ae2e0e
class_interface_unregister	0x63cac4fa
class_unregister	0xe182eaef
cld80211_get_genl_family	0xcd07bd79
cleanup_srcu_struct	0xfc42ca73
clear_page	0x3d9ee9f0
clk_alpha_pll_fixed_trion_ops	0x8cd96dab
clk_alpha_pll_lucid_ops	0x593d7c60
clk_alpha_pll_postdiv_fabia_ops	0x8c6ea024
clk_alpha_pll_postdiv_lucid_ops	0xf607b2bd
clk_alpha_pll_postdiv_ro_ops	0x05bb8d7e
clk_alpha_pll_regs	0xc6721d97
clk_alpha_pll_zonda_ops	0xe07ca082
clk_branch2_ops	0x42aa850e
clk_bulk_disable	0x479f7d4b
clk_bulk_enable	0xc7a7e770
clk_bulk_prepare	0xead5c8e5
clk_bulk_unprepare	0x63c08029
clk_byte2_ops	0x28768c6c
clk_debug_measure_add	0x338aa935
clk_debug_measure_register	0x3138e151
clk_debug_mux_ops	0xa4c6e713
clk_disable	0xb6e6d99d
clk_dummy_ops	0x213bc93f
clk_enable	0x815588a6
clk_fixed_factor_ops	0x5e63a688
clk_fixed_rate_ops	0xc46198d7
clk_get	0x1140fc73
clk_get_parent	0x63150e06
clk_get_rate	0x556e4390
clk_hw_get_flags	0x22413a18
clk_hw_get_name	0x192ad1d2
clk_hw_get_num_parents	0x76318081
clk_hw_get_parent	0xd65fd5db
clk_hw_get_parent_by_index	0x33d2190a
clk_hw_get_rate	0x47fde036
clk_hw_is_enabled	0x0288df40
clk_hw_is_prepared	0xd1bbe378
clk_hw_register	0xf5dcb517
clk_hw_round_rate	0x903f1dd1
clk_hw_unregister	0x9141e9a6
clk_pixel_ops	0xc6c6e300
clk_prepare	0x7c9a7371
clk_put	0x2e1ca751
clk_rcg2_floor_ops	0x4184319e
clk_rcg2_ops	0x22e4af2d
clk_regmap_div_ops	0x1592b98d
clk_regmap_div_ro_ops	0x65e813ce
clk_regmap_mux_closest_ops	0x4730765a
clk_restore_context	0x6259d291
clk_round_rate	0x43f81957
clk_set_parent	0x2396c7f0
clk_set_rate	0x76d9b876
clk_sync_state	0x18f8b3ff
clk_trion_pll_configure	0x84e7a6f7
clk_unprepare	0xb077e70a
clk_zonda_pll_configure	0xb03a5304
close_fd	0xb6fde909
cma_alloc	0xaa365776
cma_release	0x34582904
cnss_deinitialize_prealloc_pool	0x9935df72
cnss_initialize_prealloc_pool	0x6e55144e
cnss_utils_get_wlan_derived_mac_address	0x3c8795d1
cnss_utils_get_wlan_mac_address	0x5da2895f
cnss_utils_get_wlan_unsafe_channel	0x375cb528
cnss_utils_increment_driver_load_cnt	0x19c1c4b6
cnss_utils_set_wlan_unsafe_channel	0x52ebbfaa
cnss_utils_wlan_get_dfs_nol	0xb04b8d62
cnss_utils_wlan_set_dfs_nol	0xb7ac93ce
compat_ptr_ioctl	0x5063e2ca
complete	0xa6257a2f
complete_all	0x93d6dd8c
complete_and_exit	0x26cc73c3
completion_done	0xddf6ad7a
component_add	0x51024b02
component_bind_all	0x28a279b5
component_del	0xa473dcef
component_master_add_with_match	0x834c91a3
component_master_del	0x3c2d9c21
component_match_add_release	0x38780dd9
component_unbind_all	0xc0061170
config_ep_by_speed	0xfaf3beb1
config_group_init	0x8577968d
config_group_init_type_name	0xb323e6f4
config_item_get	0xfd28e538
config_item_put	0xf7bde646
config_item_set_name	0xbaf5621e
configfs_register_group	0xce60b1d6
configfs_register_subsystem	0xfea88013
configfs_unregister_subsystem	0xc406a652
console_printk	0x2592fc6c
console_stop	0x0a5a9a25
console_suspend_enabled	0x0366307a
console_verbose	0x04c8aebf
consume_skb	0x58d56222
contig_page_data	0xee4103ff
copy_from_kernel_nofault	0x4531ab62
core_ctl_notifier_register	0x68d6b22e
core_ctl_notifier_unregister	0xbfa9e450
coresight_add_sysfs_link	0x98c5b72d
coresight_alloc_device_name	0x164d3ef5
coresight_barrier_pkt	0xecfb329f
coresight_claim_device	0xe4d6c21f
coresight_claim_device_unlocked	0xfc7a6a6b
coresight_csr_get	0xb4feef5a
coresight_csr_hwctrl_set	0x4dcbd5e8
coresight_csr_set_byte_cntr	0xb437edd3
coresight_csr_set_etr_atid	0x4920e280
coresight_disable	0x5b3a7456
coresight_disclaim_device	0x18697413
coresight_disclaim_device_unlocked	0xbebaa074
coresight_enable	0x82e148b3
coresight_find_csdev_by_fwnode	0x1c925185
coresight_get_platform_data	0x05a4f2dc
coresight_register	0xe46a69e7
coresight_remove_csr_ops	0x2d61a1cb
coresight_remove_cti_ops	0x4a0e600f
coresight_remove_sysfs_link	0xd75abb79
coresight_set_assoc_ectdev_mutex	0xe3ba7540
coresight_set_csr_ops	0x2bb0d3a4
coresight_set_cti_ops	0x2db0a7c8
coresight_timeout	0xeca1a8e2
coresight_unregister	0xca26a1d1
cpu_bit_bitmap	0x62ad2053
cpu_hwcap_keys	0xd14fef22
cpu_hwcaps	0x77c1b75a
cpu_irqtime	0x54023c4e
cpu_latency_qos_add_request	0x589e1a22
cpu_latency_qos_remove_request	0x3aaa15b2
cpu_latency_qos_request_active	0x7537226a
cpu_latency_qos_update_request	0xdc528096
cpu_number	0x7a2af7b4
cpu_pm_register_notifier	0x444f1735
cpu_pm_unregister_notifier	0x4f98d766
cpu_scale	0x014e8186
cpu_subsys	0x45a707a2
cpu_topology	0x7281ec27
cpufreq_cpu_get	0xb1aa6622
cpufreq_cpu_get_raw	0x837c4f36
cpufreq_cpu_put	0x12501c79
cpufreq_dbs_governor_exit	0x657eb925
cpufreq_dbs_governor_init	0xbf5c4c18
cpufreq_dbs_governor_limits	0xb0a72ec1
cpufreq_dbs_governor_start	0xf6ae02d7
cpufreq_dbs_governor_stop	0xb96f092d
cpufreq_disable_fast_switch	0x8fe9025d
cpufreq_driver_fast_switch	0xcb587852
cpufreq_driver_resolve_freq	0x03eafb28
cpufreq_enable_boost_support	0xf30a5502
cpufreq_enable_fast_switch	0x3e9ccfdb
cpufreq_freq_attr_scaling_available_freqs	0x89a0601b
cpufreq_freq_attr_scaling_boost_freqs	0x2de15ffe
cpufreq_generic_frequency_table_verify	0xc289e46d
cpufreq_get_driver_data	0x553b49a4
cpufreq_get_policy	0xca4e6042
cpufreq_quick_get_max	0x33f0768c
cpufreq_register_driver	0x6db399a6
cpufreq_register_governor	0xbd5db9fc
cpufreq_register_notifier	0x65d9e877
cpufreq_table_index_unsorted	0xf284590b
cpufreq_unregister_driver	0x20378213
cpufreq_unregister_governor	0x3d527b39
cpufreq_unregister_notifier	0x6214aef2
cpufreq_update_policy	0xc37f9c6e
cpuidle_governor_latency_req	0xc319717f
cpuidle_register_governor	0xdbe9bf60
cpumask_any_and_distribute	0x173e23e7
cpumask_next	0x3de09123
cpumask_next_and	0xe9960e23
cpupri_find_fitness	0xfb366b68
cpus_read_lock	0xa04f945a
cpus_read_unlock	0x18fb2caf
cqhci_deactivate	0x70d28a75
cqhci_init	0x556f9c53
cqhci_irq	0x2d0dde76
cqhci_pltfm_init	0x222bbc77
crc32_le	0x69dd3b5b
create_votable	0xb50b1419
crypto_aead_encrypt	0xb13b7647
crypto_aead_setauthsize	0xead73e40
crypto_aead_setkey	0xb3a872a1
crypto_ahash_digest	0x41db154a
crypto_ahash_setkey	0x0cd2e94d
crypto_alloc_aead	0x9db645a1
crypto_alloc_ahash	0x12d64642
crypto_alloc_base	0xce23f78d
crypto_alloc_shash	0xe95a3e03
crypto_alloc_skcipher	0x2235b050
crypto_alloc_sync_skcipher	0x28780bb5
crypto_comp_compress	0xa18110e0
crypto_comp_decompress	0x41b5f38e
crypto_dequeue_request	0xddac6f20
crypto_destroy_tfm	0xffaae3c1
crypto_enqueue_request	0x388f750f
crypto_has_alg	0x951a2773
crypto_init_queue	0x499043d3
crypto_qti_derive_raw_secret	0xa703a889
crypto_qti_derive_raw_secret_platform	0xfb12b622
crypto_qti_disable	0x2c12aa48
crypto_qti_invalidate_key	0x9539e982
crypto_qti_keyslot_evict	0x1e53e3a0
crypto_qti_keyslot_program	0x2a6bd1f7
crypto_qti_program_key	0xf2601aa3
crypto_register_aead	0x84065b2c
crypto_register_ahash	0xff7b3877
crypto_register_rngs	0x9710aad3
crypto_register_skcipher	0x5d8e3d30
crypto_shash_final	0x47da7752
crypto_shash_setkey	0x6539ea9a
crypto_shash_update	0x5cb277ca
crypto_skcipher_decrypt	0xbb749c17
crypto_skcipher_encrypt	0xbbacb1cc
crypto_skcipher_setkey	0x2d5e67d8
crypto_unregister_aead	0xe70023c4
crypto_unregister_ahash	0xde9a1a73
crypto_unregister_rngs	0x26a4bcb1
crypto_unregister_skcipher	0x557eb2ad
css_next_child	0x9f0d6b33
csum_ipv6_magic	0x4d65cbd5
csum_partial	0xe113bbbc
csum_tcpudp_nofold	0xd25bc5d4
cx_ipeak_register	0x2da1ba63
cx_ipeak_update	0x1268b6d9
d_path	0xdfb814f4
datagram_poll	0xb664b742
dbs_update	0x0d9d06e4
deactivate_task	0xa7794b4a
debugfs_attr_read	0x5842a8f5
debugfs_attr_write	0x5a7a30af
debugfs_create_atomic_t	0x4776ce12
debugfs_create_blob	0xde6839e1
debugfs_create_bool	0x1e803989
debugfs_create_dir	0xeebe12e4
debugfs_create_file	0xd2ca564a
debugfs_create_file_unsafe	0xeb7772d0
debugfs_create_u16	0x8cd05735
debugfs_create_u32	0xc4c3eec2
debugfs_create_u64	0x0347bfa9
debugfs_create_u8	0xeb7b070e
debugfs_create_ulong	0xefeeb62f
debugfs_create_x32	0x7960cf64
debugfs_create_x64	0xbee49e0f
debugfs_create_x8	0x39339f9c
debugfs_file_get	0xaeba439a
debugfs_file_put	0x8b8b9c62
debugfs_lookup	0xde909ad0
debugfs_remove	0x402e076a
debugfs_rename	0x97e5b1cc
dec_node_page_state	0x7940be82
dec_zone_page_state	0xecc26011
default_llseek	0xdffb3cab
deferred_free	0xe730994c
del_gendisk	0xb54fe109
del_timer	0xaa4008af
del_timer_sync	0xf15e728e
delayed_work_timer_fn	0x253af43d
deregister_cld_cmd_cb	0x1a4d338d
destroy_votable	0x13fd8d41
destroy_workqueue	0x8c03d20c
dev_alloc_name	0xea763380
dev_close	0x87361a72
dev_coredumpm	0xe06aae8c
dev_coredumpv	0xfe4a3a8e
dev_driver_string	0x273a8095
dev_err_probe	0x9583d7d5
dev_fwnode	0xdbcd27e2
dev_get_by_index	0xb4d35af2
dev_get_by_name	0x26959a69
dev_get_by_name_rcu	0xab565714
dev_get_regmap	0xeed7d9a5
dev_get_stats	0x237296fe
dev_pm_domain_attach_by_name	0x2611aeb5
dev_pm_domain_detach	0xcc0a8c25
dev_pm_genpd_add_notifier	0x3fe9738c
dev_pm_genpd_remove_notifier	0xf0df6b56
dev_pm_genpd_set_next_wakeup	0x4858c7d3
dev_pm_genpd_set_performance_state	0xd1088695
dev_pm_opp_add	0xd4879e81
dev_pm_opp_adjust_voltage	0x1c3dc224
dev_pm_opp_disable	0x1017b536
dev_pm_opp_enable	0xbaf0fabc
dev_pm_opp_find_freq_ceil	0x1ec508c9
dev_pm_opp_find_freq_exact	0x106411a1
dev_pm_opp_find_freq_floor	0xf0905d27
dev_pm_opp_get_opp_count	0x8fa7d67b
dev_pm_opp_get_voltage	0xd699302a
dev_pm_opp_of_add_table	0xea1212ea
dev_pm_opp_of_cpumask_remove_table	0x6ded56d3
dev_pm_opp_of_find_icc_paths	0x2db80a25
dev_pm_opp_of_register_em	0x6a31e413
dev_pm_opp_of_remove_table	0xa56e0994
dev_pm_opp_put	0xfcfac1d3
dev_pm_opp_put_clkname	0x2044ae20
dev_pm_opp_remove_all_dynamic	0x9d8e4287
dev_pm_opp_set_clkname	0x9eec144e
dev_pm_opp_set_opp	0x17039c2c
dev_pm_opp_set_rate	0xadfe85bf
dev_pm_opp_set_sharing_cpus	0x2a04bf35
dev_pm_qos_add_notifier	0xe7e35c19
dev_pm_qos_add_request	0x68bc2329
dev_pm_qos_remove_notifier	0xc5881c17
dev_pm_qos_remove_request	0x8bf6c746
dev_pm_qos_update_request	0x72294d37
dev_queue_xmit	0x173641ac
dev_set_name	0xd75566fd
devfreq_add_device	0xc89bcfcf
devfreq_add_governor	0xc0472b1d
devfreq_cooling_unregister	0x80a6fe5f
devfreq_get_devfreq_by_node	0x0830da41
devfreq_remove_device	0xd59df56b
devfreq_remove_governor	0x8d35f620
devfreq_resume_device	0x5f3bb49d
devfreq_suspend_device	0xc2d1b971
device_add	0xf8c05891
device_add_disk	0xe0377d9b
device_add_groups	0xa7e1c423
device_create	0x4f34d4f1
device_create_file	0x367241b6
device_create_with_groups	0xaf65f1f4
device_del	0xc4482556
device_destroy	0x40af62cf
device_find_child	0xb8be5615
device_for_each_child	0xd368e105
device_get_match_data	0x032068f3
device_init_wakeup	0xf5e731f5
device_initialize	0x88150c45
device_link_add	0x33a519f2
device_match_fwnode	0x6bcff370
device_match_name	0x24f929e0
device_property_present	0x2ead6a7c
device_property_read_string	0xb3244493
device_property_read_u16_array	0xb2fa45de
device_property_read_u32_array	0xa15d2592
device_register	0x80f2140f
device_remove_file	0x57489972
device_rename	0x32d489b5
device_set_of_node_from_dev	0xb704ae68
device_set_wakeup_capable	0x5bb1373a
device_show_int	0xa34ca1c8
device_store_int	0xdebbaf19
device_unregister	0xff2c916f
device_wakeup_disable	0x75141b82
devm_add_action	0x2ad3e3c3
devm_blk_ksm_init	0x3621a862
devm_clk_bulk_get	0xac999271
devm_clk_bulk_get_all	0x239c4a55
devm_clk_get	0xe220ecdd
devm_clk_get_optional	0xec66894d
devm_clk_hw_register	0x2d9d647a
devm_clk_put	0xbf00fa59
devm_clk_register	0xfad08471
devm_clk_register_debug_mux	0x0bab53c3
devm_device_add_group	0x78c50e4e
devm_device_remove_group	0x04a64f8f
devm_extcon_dev_allocate	0x5f6196f6
devm_extcon_dev_register	0x2cca347f
devm_free_irq	0xab26e14f
devm_gen_pool_create	0x8200cfb3
devm_gpio_free	0x72cad94c
devm_gpio_request	0xb78ed138
devm_gpio_request_one	0x32e96165
devm_gpiod_get_optional	0xe94205ce
devm_hwspin_lock_register	0x36334b85
devm_iio_channel_get	0x04a80079
devm_iio_device_alloc	0x99e72c1c
devm_input_allocate_device	0xd940616d
devm_ioremap	0x31f4adef
devm_ioremap_resource	0x30516c87
devm_ioremap_wc	0x63bf8485
devm_iounmap	0x335b044c
devm_kasprintf	0x930f58f8
devm_kfree	0x53cc1237
devm_kmalloc	0x8dbcad91
devm_kmemdup	0x140ecd94
devm_krealloc	0xf09d9e1d
devm_kstrdup	0xaa2bf0dd
devm_led_classdev_register_ext	0x69a8d917
devm_mbox_controller_register	0x163aaaa7
devm_nvmem_cell_get	0x0824eae6
devm_nvmem_device_get	0x91113400
devm_nvmem_register	0x146a70ae
devm_of_clk_add_hw_provider	0x2adbfbda
devm_of_clk_del_provider	0x047624ea
devm_of_icc_get	0xe8a79031
devm_of_iio_channel_get_by_name	0xc63a2463
devm_of_platform_populate	0xe74e115b
devm_of_pwm_get	0x8c6c580e
devm_phy_create	0x4976235b
devm_phy_get	0xe5a76bd3
devm_pinctrl_get	0x9d7c6324
devm_pinctrl_put	0x5f9785d0
devm_pinctrl_register	0xc89e6b9f
devm_platform_get_and_ioremap_resource	0x867e24a6
devm_platform_ioremap_resource	0x25a0672a
devm_power_supply_register	0x73f6be50
devm_reboot_mode_register	0xf49059ac
devm_regmap_add_irq_chip	0x40690809
devm_regmap_del_irq_chip	0x0f94d334
devm_regmap_field_alloc	0x563fe77c
devm_regmap_qti_debugfs_register	0x64cf3182
devm_regulator_bulk_get	0xf7c6525f
devm_regulator_debug_register	0x944d33ab
devm_regulator_get	0x4adae8ee
devm_regulator_get_exclusive	0xa181745e
devm_regulator_get_optional	0xcf1210e3
devm_regulator_proxy_consumer_register	0xe29f2c6a
devm_regulator_proxy_consumer_unregister	0x4f08ca55
devm_regulator_put	0x7d48abd9
devm_regulator_register	0xc151236f
devm_regulator_register_notifier	0xa1f5c258
devm_request_any_context_irq	0x366cbccd
devm_request_threaded_irq	0x694339ce
devm_reset_controller_register	0xd80c5d08
devm_rtc_allocate_device	0x909f5ec7
devm_snd_soc_register_card	0x607df5bd
devm_snd_soc_register_component	0xf7560d7c
devm_thermal_of_cooling_device_register	0xb5a0011d
devm_thermal_zone_of_sensor_register	0x2175282e
devm_usb_get_phy_by_node	0x93300304
devres_add	0xee792c9c
devres_free	0xe93e49c3
devres_release	0x42b30b1d
digital_cdc_rsc_mgr_hw_vote_disable	0x50d84231
digital_cdc_rsc_mgr_hw_vote_enable	0x910302ce
digital_cdc_rsc_mgr_hw_vote_reset	0x05850611
disable_irq	0x3ce4ca6f
disable_irq_nosync	0x27bbf221
disable_percpu_irq	0xf21e1f9b
disk_end_io_acct	0xdc9d508b
disk_start_io_acct	0xfaf84ca3
divider_get_val	0x5e798ffb
divider_recalc_rate	0xaed8e548
divider_ro_round_rate_parent	0x7f8b7fae
divider_round_rate_parent	0x904f93ae
dma_alloc_attrs	0xc9fcc6d5
dma_alloc_noncontiguous	0xeda21aff
dma_async_device_register	0xf4ce133d
dma_async_device_unregister	0x5fe2f484
dma_async_tx_descriptor_init	0xdf93d86e
dma_buf_attach	0xef238a57
dma_buf_begin_cpu_access	0x0ac6a1de
dma_buf_begin_cpu_access_partial	0xae83ea02
dma_buf_detach	0xfbecc63d
dma_buf_end_cpu_access	0xdda3c484
dma_buf_end_cpu_access_partial	0x936d886b
dma_buf_export	0x6e0787a2
dma_buf_fd	0xea5123f5
dma_buf_get	0xea788350
dma_buf_map_attachment	0x89be51a8
dma_buf_put	0x6d21b42e
dma_buf_unmap_attachment	0xc117172c
dma_buf_vmap	0xa6bf2aa3
dma_buf_vunmap	0x51abb3d7
dma_contiguous_default_area	0x4fd950ed
dma_fence_add_callback	0x8e21c9a1
dma_fence_array_create	0x7ab45d25
dma_fence_array_ops	0xe03a689d
dma_fence_context_alloc	0x14605535
dma_fence_default_wait	0x350ea558
dma_fence_free	0xdd8166a1
dma_fence_get_status	0x2e0b1deb
dma_fence_init	0x16dee44d
dma_fence_release	0xe123f3d9
dma_fence_remove_callback	0x3b20fb95
dma_fence_signal	0x731c4a9c
dma_fence_signal_locked	0x3d02cd70
dma_fence_signal_timestamp_locked	0x8455e3a7
dma_fence_wait_timeout	0x98c039dc
dma_free_attrs	0xc0b30a2e
dma_free_noncontiguous	0x01e9b26b
dma_get_sgtable_attrs	0x05cf884a
dma_get_slave_channel	0x51bb5846
dma_heap_add	0x56178a4b
dma_heap_buffer_alloc	0x328c4610
dma_heap_buffer_free	0x88f95537
dma_heap_find	0xeff75c0b
dma_heap_get_dev	0x84e7189e
dma_heap_get_drvdata	0xf39b6569
dma_heap_get_name	0xed3a3cb3
dma_map_page_attrs	0x5979ed16
dma_map_resource	0x54fa6916
dma_map_sg_attrs	0x30def186
dma_map_sgtable	0xccda7d97
dma_release_channel	0x3a986e86
dma_request_chan	0xd9f495c9
dma_resv_fini	0x2aa42925
dma_resv_init	0x66841bef
dma_resv_wait_timeout	0x98536ab4
dma_set_coherent_mask	0x54f4396b
dma_set_mask	0x9347eaf8
dma_sync_sg_for_cpu	0x938a3b51
dma_sync_sg_for_device	0x3a602182
dma_sync_single_for_cpu	0xc9787376
dma_sync_single_for_device	0x9ae1eec5
dma_unmap_page_attrs	0xa8ac9ba6
dma_unmap_resource	0xea5a0383
dma_unmap_sg_attrs	0x288c91fe
dma_vmap_noncontiguous	0xc490b33c
dma_vunmap_noncontiguous	0x4766d05f
dmam_alloc_attrs	0x659ed1eb
dmam_free_coherent	0x53062462
dms_get_mac_address_req_msg_v01_ei	0x4c2b1d40
dms_get_mac_address_resp_msg_v01_ei	0x40bcd2b8
do_exit	0x952664c5
do_trace_netlink_extack	0xe6d2458e
do_wait_intr	0x5b2f27fb
double_rq_lock	0x1519a6aa
down	0x6626afca
down_read	0x3355da1c
down_timeout	0x92e683f5
down_write	0x28ed2847
dput	0x5898130b
drain_workqueue	0xa38602cd
driver_find_device	0x9bbb581e
driver_register	0x799ad5ad
driver_unregister	0x0c281958
drm_add_edid_modes	0x040b5d0e
drm_atomic_commit	0x1ff156d2
drm_atomic_get_connector_state	0x77e8406c
drm_atomic_get_crtc_state	0x49669785
drm_atomic_get_plane_state	0x70492d3a
drm_atomic_helper_check	0x70d78d7b
drm_atomic_helper_cleanup_planes	0x6158226b
drm_atomic_helper_commit_duplicated_state	0x650bef6a
drm_atomic_helper_commit_hw_done	0x65e2e6dd
drm_atomic_helper_commit_modeset_disables	0xf0c00091
drm_atomic_helper_commit_modeset_enables	0x74108658
drm_atomic_helper_commit_planes	0xd70c97a9
drm_atomic_helper_dirtyfb	0x61ce3a7d
drm_atomic_helper_disable_plane	0x8371a783
drm_atomic_helper_duplicate_state	0x9bf60251
drm_atomic_helper_page_flip	0x00743552
drm_atomic_helper_prepare_planes	0xd0a99eb4
drm_atomic_helper_set_config	0xae9ee200
drm_atomic_helper_shutdown	0x313165d4
drm_atomic_helper_swap_state	0x4471a5f4
drm_atomic_helper_update_legacy_modeset_state	0xf53ec9de
drm_atomic_helper_update_plane	0x462e17db
drm_atomic_helper_wait_for_fences	0x4672c2cb
drm_atomic_helper_wait_for_vblanks	0x528e34d6
drm_atomic_set_crtc_for_connector	0x75f2e902
drm_atomic_set_crtc_for_plane	0x0fff5aeb
drm_atomic_set_fb_for_plane	0x2c999882
drm_atomic_set_fence_for_plane	0xcf993fbb
drm_atomic_set_mode_for_crtc	0x559d805d
drm_atomic_state_alloc	0x9eb3bb97
drm_atomic_state_clear	0x4ea14526
drm_atomic_state_default_clear	0x74d2ce75
drm_atomic_state_default_release	0x96ca1898
drm_atomic_state_init	0xf457f051
drm_bridge_attach	0xee2a9618
drm_bridge_chain_disable	0x2246963b
drm_bridge_chain_enable	0xdfe5a882
drm_bridge_chain_mode_set	0x381b7730
drm_bridge_chain_post_disable	0x4bfc6cde
drm_bridge_chain_pre_enable	0x917e400b
drm_client_init	0x691f9bd2
drm_client_modeset_commit_locked	0xe0cf2404
drm_client_register	0x2506f847
drm_compat_ioctl	0xbd7316bd
drm_connector_attach_encoder	0x2fc029bb
drm_connector_cleanup	0xd8aae854
drm_connector_init	0x7717512f
drm_connector_list_iter_begin	0xada8d962
drm_connector_list_iter_end	0x394911be
drm_connector_list_iter_next	0x6570b417
drm_connector_unregister	0xeca7728c
drm_connector_update_edid_property	0x3aa4392f
drm_crtc_cleanup	0xc36c47b7
drm_crtc_handle_vblank	0x24397759
drm_crtc_init_with_planes	0x955330a3
drm_crtc_send_vblank_event	0x241f80f0
drm_crtc_set_max_vblank_count	0x0f6d11da
drm_crtc_vblank_off	0x09569d83
drm_crtc_vblank_on	0xfaebc925
drm_crtc_vblank_reset	0xc06c28c6
drm_crtc_wait_one_vblank	0x4c19ff8d
drm_detect_hdmi_monitor	0x065e86ac
drm_dev_alloc	0x13c9f56e
drm_dev_dbg	0xcee74e63
drm_dev_printk	0x92ff2d4b
drm_dev_put	0x770fd07c
drm_dev_register	0x6d4adf0d
drm_dev_unregister	0xed956012
drm_encoder_cleanup	0xe3243960
drm_encoder_init	0x5794a2f2
drm_event_reserve_init_locked	0xbf023861
drm_format_info	0x6ef2f78e
drm_framebuffer_init	0x41266544
drm_framebuffer_lookup	0xd29fffb9
drm_gem_create_mmap_offset	0x3096b65a
drm_gem_fb_create_handle	0x9833b3b5
drm_gem_fb_destroy	0x6d312776
drm_gem_fb_get_obj	0x6bee7f12
drm_gem_get_pages	0x4a37f535
drm_gem_handle_create	0xd441e176
drm_gem_mmap	0x860e733b
drm_gem_mmap_obj	0x46ae231f
drm_gem_object_free	0xd680a377
drm_gem_object_init	0xf0259986
drm_gem_object_lookup	0x8c65d872
drm_gem_object_release	0xe9f20383
drm_gem_prime_fd_to_handle	0x7d7dc7ca
drm_gem_prime_handle_to_fd	0xf3e25a93
drm_gem_private_object_init	0x16af01a4
drm_gem_put_pages	0xbec8a484
drm_gem_vm_close	0x1fa65b76
drm_gem_vm_open	0xafc73ec3
drm_get_connector_type_name	0xf406e46a
drm_get_edid	0xb4d0f15c
drm_get_format_info	0xbf3c2664
drm_helper_mode_fill_fb_struct	0x1278591e
drm_helper_probe_single_connector_modes	0x29b4b697
drm_ioctl	0x15f94a69
drm_is_current_master	0x629b44e7
drm_kms_helper_poll_disable	0xe83f32d0
drm_kms_helper_poll_enable	0x1ba4614b
drm_kms_helper_poll_fini	0x4c6539d4
drm_kms_helper_poll_init	0x6cb3eab3
drm_mm_init	0xf0517d7a
drm_mm_insert_node_in_range	0xb4032484
drm_mm_remove_node	0x4b7ebf95
drm_mm_takedown	0x57698a50
drm_mode_config_cleanup	0xa3d3bfef
drm_mode_config_reset	0xc2857f44
drm_mode_copy	0x9ce050be
drm_mode_debug_printmodeline	0x2ed3c600
drm_mode_duplicate	0x711a93af
drm_mode_equal	0x0d9b4753
drm_mode_match	0x9b95c885
drm_mode_object_find	0x94f476db
drm_mode_object_get	0xf6d4f458
drm_mode_object_put	0xe1fdd1de
drm_mode_probed_add	0x5978683d
drm_mode_set_crtcinfo	0x4575a0ca
drm_mode_vrefresh	0xf1b5340a
drm_modeset_acquire_fini	0xe001897a
drm_modeset_acquire_init	0x18319f3d
drm_modeset_backoff	0x5cc2a627
drm_modeset_drop_locks	0xffdcfbf8
drm_modeset_lock	0x4392951b
drm_modeset_lock_all_ctx	0x08d1cb9b
drm_object_attach_property	0x90561633
drm_object_property_set_value	0xada7a281
drm_of_component_match_add	0x227d5822
drm_open	0x9be9fb1e
drm_panel_add	0xb9218956
drm_panel_init	0x0e25b0de
drm_panel_remove	0x860ba323
drm_plane_cleanup	0x217867db
drm_plane_create_rotation_property	0x6c8212e8
drm_poll	0xc7870f9f
drm_prime_gem_destroy	0xa2f3d9db
drm_prime_pages_to_sg	0xa5e889b4
drm_printf	0x28779e52
drm_property_blob_get	0xcb475cc3
drm_property_blob_put	0xa4e82df4
drm_property_create	0x32d9fd43
drm_property_create_bitmask	0x5ec8ee3c
drm_property_create_blob	0xa1bb9754
drm_property_create_enum	0x8208e666
drm_property_create_range	0x3fc6a3ba
drm_property_lookup_blob	0x7f9036f7
drm_read	0x8b7fb5ab
drm_release	0xb1e94e65
drm_rotation_simplify	0xdf666902
drm_send_event_locked	0xbb9b835f
drm_set_preferred_mode	0x6ffbe3c3
drm_universal_plane_init	0xbab1dfce
drm_vblank_init	0xb6a4b04a
drmm_mode_config_init	0x7019e933
dst_release	0xea7dbe01
dump_enabled	0x9624fa3f
dump_stack	0x6b2dc060
emergency_restart	0xd0c05159
enable_irq	0xfcec0987
enable_percpu_irq	0x335c570f
eth_type_trans	0xbcf0a7e0
ether_setup	0x20d62183
event_triggers_call	0xfd5a8a18
extcon_get_edev_by_phandle	0x2971dcec
extcon_get_edev_name	0xd181b439
extcon_get_property	0x6484e95a
extcon_get_state	0xa13f3b8f
extcon_otg	0x87db3e7f
extcon_register_notifier	0x7af8e0d5
extcon_set_property	0xc6a03612
extcon_set_property_capability	0xa8a72470
extcon_set_state	0xaf9c6104
extcon_set_state_sync	0xf004c76e
fast_smmu_init_mapping	0x5c199d3b
fast_smmu_put_dma_cookie	0xe186006a
fasync_helper	0xb3ac2e2d
fd_install	0x97f4d63b
fget	0x3a6170cf
file_path	0xdd88c07a
filp_close	0x2e0ddf7e
filp_open_block	0x4743bf55
find_task_by_vpid	0xa6e07172
find_votable	0x1aaaeb07
find_vpid	0x1273c714
finish_wait	0x92540fbf
firmware_request_nowarn	0x71952555
flush_dcache_page	0xf19fce59
flush_delayed_work	0x1148c0ea
flush_work	0x4735ac17
flush_workqueue	0x42160169
fput	0x7610c83f
free_io_pgtable_ops	0x3369057b
free_irq	0xc1514a3b
free_netdev	0x86dc89c0
free_pages	0x4302d0eb
free_percpu	0xc9ec4e21
free_percpu_irq	0xbc6bec66
freezer_cgrp_subsys	0xf59e9304
freezing_slow_path	0x042a3708
freq_qos_add_request	0x28498a88
freq_qos_remove_request	0x894967be
freq_qos_update_request	0x2eec24ef
frozen_uid_min	0xc33dbc8b
fs_bio_set	0x79cf3bd0
fsm_add_codec_controls	0x58257340
fsm_speaker_off	0xb44b3a4b
fsm_speaker_onn	0x0884adf0
fsync_bdev	0x587da1a4
fwnode_find_reference	0xa305d3cc
fwnode_get_next_child_node	0x3174f167
fwnode_handle_get	0x644a6a4f
fwnode_handle_put	0x6eabe73b
fwnode_property_present	0xb2048a05
fwnode_property_read_string	0xf5821fcb
fwnode_property_read_u32_array	0xa25d5d9d
g_touchscreen_usb_pulgin	0xf70c24ab
gcd	0xea124bd1
gdsc_debug_print_regs	0x0574ad34
gen_pool_add_owner	0xbefa51a3
gen_pool_alloc_algo_owner	0x2b593aa8
gen_pool_avail	0xd0d3f0a4
gen_pool_best_fit	0xb737b185
gen_pool_create	0xced0f4d4
gen_pool_destroy	0x6c224cda
gen_pool_first_fit_order_align	0x3f4bd846
gen_pool_free_owner	0x060ba97c
gen_pool_has_addr	0x1f557414
gen_pool_set_algo	0x96e5d30f
gen_pool_size	0x2464da17
gen_pool_virt_to_phys	0x7d0ba682
generic_device_group	0xef1ea848
generic_file_llseek	0xfd05de2b
generic_handle_domain_irq	0x20913765
generic_handle_irq	0x7ceaf0d5
generic_iommu_put_resv_regions	0x6a0f83fd
geni_icc_disable	0xbbfc10b2
geni_icc_enable	0x7326076f
geni_icc_get	0xc742207c
geni_icc_set_bw	0x116fb427
geni_se_clk_freq_match	0xf7ed1da5
geni_se_config_packing	0x126f5d16
geni_se_get_qup_hw_version	0xa3b5524a
geni_se_init	0x35a7020e
geni_se_resources_off	0x7c5c4a9c
geni_se_resources_on	0xf098952f
geni_se_rx_dma_prep	0x35b9f4c4
geni_se_rx_dma_unprep	0x90249b17
geni_se_select_mode	0x3268b1ac
geni_se_tx_dma_prep	0xe8bf06c1
geni_se_tx_dma_unprep	0x366dcbe7
genl_register_family	0xfb04aaa3
genl_unregister_family	0x8bb69f5e
genlmsg_multicast_allns	0xfcbf01bd
genlmsg_put	0xc958e49d
get_bam2bam_connection_info	0x96478687
get_client_vote	0x3c167b65
get_cpu_device	0x6907e8da
get_cpu_idle_time_us	0x7b9793a2
get_device	0x13fca8b1
get_each_dmabuf	0xdf8e831f
get_each_object_track	0x9ff900e4
get_effective_result	0x56c795e2
get_effective_result_locked	0x96c6ac45
get_governor_parent_kobj	0x5e38d599
get_lct_tp_work_status	0x5f088deb
get_matching_swr_slave_device	0x4f34be15
get_net_ns_by_fd	0x0d8f872c
get_net_ns_by_pid	0x78a69b54
get_page_owner_handle	0xbdd70345
get_pfnblock_flags_mask	0x9ea4e9c5
get_pid_task	0xbc24e309
get_qdss_bam_connection_info	0x5c6563cd
get_qdss_bam_info	0x4672870a
get_random_bytes	0x79aa04a2
get_random_u32	0xd36dc10c
get_sg_io_hdr	0x1de4ccb2
get_slabinfo	0x2e689a6d
get_task_mm	0x5c9998cf
get_task_pid	0x806ce477
get_ufs_qcom_phy	0x334c753d
get_unmapped_area	0x69dc3863
get_unused_fd_flags	0xa843805a
get_usb_typec_mode	0xb282541a
get_user_ifreq	0x33fc2a31
get_user_pages	0x752e9885
get_xiaomi_touch_class	0xb413bea9
get_zeroed_page	0xf09b5d9a
getboottime64	0xef464c28
gether_cleanup	0x8878cfa6
gether_connect	0xd2f07b68
gether_disconnect	0xc980b1d8
gether_get_dev_addr	0x373cb5ad
gether_get_host_addr	0x3ab69a6c
gether_get_host_addr_u8	0x753a53ae
gether_get_ifname	0xa37995e6
gether_get_qmult	0xfeb9bde6
gether_register_netdev	0x8070c8d4
gether_set_dev_addr	0x02a49db6
gether_set_gadget	0x2ad105a2
gether_set_host_addr	0xb2b28263
gether_set_ifname	0xd6f8a5f1
gether_set_qmult	0x559df9de
gether_setup_name_default	0x15f53cff
gic_nonsecure_priorities	0x4b0a3f52
glink_native_pm_ops	0x175fef51
gov_attr_set_init	0x7be30d78
gov_attr_set_put	0x5a9b4d3a
gov_update_cpu_data	0xaf696b72
governor_sysfs_ops	0xebefc4f4
gpio_free	0xfe990052
gpio_free_array	0xb0d1656c
gpio_request	0x47229b5c
gpio_request_one	0x403f9529
gpio_to_desc	0xb01f1abd
gpiochip_add_data_with_key	0x485c381a
gpiochip_add_pin_range	0xf8f66187
gpiochip_generic_free	0x708012a6
gpiochip_generic_request	0x600a4965
gpiochip_get_data	0xa46243f5
gpiochip_line_is_valid	0xf217ffba
gpiochip_lock_as_irq	0x723b48ef
gpiochip_remove	0x739955b3
gpiochip_unlock_as_irq	0xa44972cf
gpiod_direction_input	0xb1a37bd4
gpiod_direction_output	0xdcba0887
gpiod_direction_output_raw	0x73bca09f
gpiod_get_raw_value	0x90a8bed2
gpiod_get_raw_value_cansleep	0xc9137ab8
gpiod_get_value	0x8dc4785d
gpiod_set_raw_value	0xd4da82c0
gpiod_set_raw_value_cansleep	0x882a9510
gpiod_set_value_cansleep	0x1aa2bbba
gpiod_to_irq	0x5344c6e4
gpr_driver_unregister	0xad7a0177
gpr_get_q6_state	0x66e00834
gpr_send_pkt	0x1dfcfa64
gro_cells_destroy	0x9f54ead7
gro_cells_init	0x3f534a5d
gro_cells_receive	0xf79afb17
handle_bad_irq	0x3edea963
handle_edge_irq	0xab1d424c
handle_fasteoi_ack_irq	0x6dde1f50
handle_fasteoi_irq	0x0569f7b5
handle_level_irq	0x8e90ecbe
handle_nested_irq	0x549525ef
handle_simple_irq	0x8130cda8
handle_sysrq	0x7647726c
hashlen_string	0x162893fd
hex2bin	0x50cf7585
hex_dump_to_buffer	0xfe916dc6
hex_to_bin	0x11f7ed4c
housekeeping_cpumask	0xee49ad1d
housekeeping_overridden	0x74e73871
housekeeping_test_cpu	0xc45e246f
hrtimer_active	0x0ecd991f
hrtimer_cancel	0xcc69bd8c
hrtimer_init	0x3ebd5214
hrtimer_init_sleeper	0x0ad7b96e
hrtimer_sleeper_start_expires	0x0929c651
hrtimer_start_range_ns	0x939fc2ef
hrtimer_try_to_cancel	0xef93df4b
hwrng_register	0x617b026c
hwrng_unregister	0xd57fbd31
hwspin_lock_free	0xdc7a87d9
hwspin_lock_request_specific	0xecddad5d
hyp_assign_phys	0x398b9914
hyp_assign_table	0x6218b1cc
i2c_add_adapter	0x4822f80e
i2c_del_adapter	0xb20912ac
i2c_del_driver	0x2cc98f97
i2c_get_dma_safe_msg_buf	0x42041512
i2c_put_dma_safe_msg_buf	0x4dae16e4
i2c_register_driver	0xf2194178
i2c_smbus_read_byte_data	0xa1d780f3
i2c_smbus_read_i2c_block_data	0x0ecadd3b
i2c_smbus_read_word_data	0x1bef8bcb
i2c_smbus_write_byte_data	0xafc088af
i2c_smbus_write_i2c_block_data	0xa0f16db8
i2c_smbus_write_word_data	0x6b744419
i2c_transfer	0x3dff1f08
i2c_transfer_buffer_flags	0x4f3b2249
icc_bimc_qos_regs	0x87fda50b
icc_get	0x8cd820ea
icc_link_create	0x97668c36
icc_node_add	0x37f80e12
icc_node_create	0x3c929842
icc_node_del	0xbbc55b7d
icc_node_destroy	0xc58a3ee6
icc_provider_add	0xffe20b93
icc_provider_del	0xbeaa9e07
icc_put	0x6906f34d
icc_qnoc_qos_regs	0xc893232c
icc_set_bw	0xba911ac2
icc_set_tag	0x5ff6019d
icnss_athdiag_read	0xb8c079b0
icnss_athdiag_write	0x39ed9fe6
icnss_ce_free_irq	0xc77d39ce
icnss_ce_request_irq	0xefffa222
icnss_disable_irq	0xcb4e83af
icnss_enable_irq	0x57b29bb0
icnss_get_ce_id	0xa8b7987e
icnss_get_device_config	0x7616737a
icnss_get_irq	0xb448f7d6
icnss_get_soc_info	0x8300f284
icnss_idle_restart	0xd1c5aa11
icnss_idle_shutdown	0x3fd39bcd
icnss_is_fw_down	0x9b5bd3f7
icnss_is_pdr	0x61c3fdd0
icnss_is_qmi_disable	0x68214cb9
icnss_is_rejuvenate	0xc31ae623
icnss_power_off	0xdb764bec
icnss_power_on	0xa92121ac
icnss_set_fw_log_mode	0xadf5bf0f
icnss_smmu_get_domain	0xf5c2c60d
icnss_smmu_map	0x41999012
icnss_smmu_unmap	0x12b51923
icnss_socinfo_get_serial_number	0xa6e3a611
icnss_trigger_recovery	0x74b87ed8
icnss_unregister_driver	0x41319252
icnss_wlan_disable	0x7d905573
icnss_wlan_enable	0x1b3ea6a5
ida_alloc_range	0xe7a02573
ida_free	0xffb7c514
idr_alloc	0xb8f11603
idr_alloc_cyclic	0x91f44510
idr_alloc_u32	0xd9916c3a
idr_destroy	0x8e17b3ae
idr_find	0x20978fb9
idr_for_each	0x1d40b6f3
idr_get_next	0xc57c48a3
idr_preload	0x954f099c
idr_remove	0x7665a95b
idr_replace	0x7b82b9a1
ieee80211_freq_khz_to_channel	0x6bedf402
ieee80211_get_channel_khz	0x5e57fdf4
ieee80211_hdrlen	0x7ef39823
iio_channel_get	0x4f4022e2
iio_channel_release	0x1b7a6504
iio_read_channel_processed	0x2435705d
iio_write_channel_raw	0x9c01fbfc
import_iovec	0x51c78693
in4_pton	0xac5fcec0
in6_pton	0x609bcd98
in_egroup_p	0x39461d6a
inc_node_page_state	0xa86d1ce7
inc_zone_page_state	0x1a28a410
inet_csk_get_port	0x5f5b580c
init_dummy_netdev	0x0114f146
init_iova_domain	0x6330e4b1
init_lct_tp_gesture	0x6d86a0d3
init_lct_tp_grip_area	0xd1c6bc46
init_lct_tp_info	0x424988b2
init_lct_tp_selftest	0x0838c08d
init_lct_tp_work	0xa6f2c748
init_millet_subsystem	0x61857cae
init_net	0x49f4e661
init_pseudo	0x2e4f869d
init_srcu_struct	0xd7df630a
init_task	0xaf60e2d8
init_timer_key	0x79cf5987
init_uts_ns	0xcccbdadf
init_wait_entry	0xfe487975
input_allocate_device	0x9e3bb8f1
input_close_device	0xcf9ef4a8
input_event	0xdd007012
input_free_device	0xf0a627ac
input_mt_init_slots	0xbf42d638
input_mt_report_slot_state	0x07c51953
input_open_device	0x9a2070cd
input_register_device	0xeba2a98f
input_register_handle	0x3ee14eec
input_register_handler	0x8a77ddd5
input_set_abs_params	0x420c430d
input_set_capability	0x344f2409
input_unregister_device	0x6b8866fb
input_unregister_handle	0x8246bf52
input_unregister_handler	0xa6523ef7
int_sqrt	0xb678366f
interval_tree_insert	0xdab5a1eb
interval_tree_iter_first	0xa44a1307
interval_tree_iter_next	0xd96babb4
interval_tree_remove	0x09b53e14
iomem_resource	0xc7da062f
iommu_alloc_resv_region	0x0af40724
iommu_attach_device	0x5939a898
iommu_detach_device	0x66959bde
iommu_device_register	0xe11202e6
iommu_device_sysfs_add	0xe0d49d48
iommu_device_sysfs_remove	0x8da6a2c1
iommu_device_unregister	0xc6617388
iommu_dma_enable_best_fit_algo	0x3b5c9384
iommu_dma_get_resv_regions	0xdb7faf5b
iommu_domain_alloc	0xc12d92ce
iommu_domain_free	0x34d11aa3
iommu_fwspec_add_ids	0x48966d1e
iommu_fwspec_free	0x701b5417
iommu_get_domain_for_dev	0x1a07760b
iommu_get_msi_cookie	0x4b0f89f7
iommu_group_for_each_dev	0xb6d8acec
iommu_group_get	0x5c8c0496
iommu_group_get_iommudata	0xd55ad93b
iommu_group_put	0x89485687
iommu_group_ref_get	0x4d6d0bbc
iommu_group_set_iommudata	0xc66b77b1
iommu_iova_to_phys	0x3ad8cfc9
iommu_logger_register	0xf9d2af85
iommu_logger_unregister	0x2fd6d843
iommu_map	0x25984b2e
iommu_map_sg	0x627732dd
iommu_present	0x6bd6fac4
iommu_put_dma_cookie	0xd8813281
iommu_set_fault_handler	0x8c0de726
iommu_set_pgtable_quirks	0x04fcaaf0
iommu_unmap	0x1d06987f
iounmap	0xedc03953
ip_compute_csum	0x20eadeb6
ip_route_output_flow	0x5077ac8a
ipc_log_context_create	0x6fdbaa2a
ipc_log_context_destroy	0xf470e1fe
ipc_log_string	0x8b83a1e8
ipi_desc_get	0x5747de7f
iput	0x5037b044
ipv6_ext_hdr	0x452ba683
ipv6_find_hdr	0x51dd5d3e
ipv6_skip_exthdr	0x0a3abf63
ipv6_stub	0xe4ec6265
irq_check_status_bit	0xf47654df
irq_chip_ack_parent	0xf8e1f116
irq_chip_disable_parent	0x7eafd69d
irq_chip_enable_parent	0x3a1cbdae
irq_chip_eoi_parent	0x275cc24e
irq_chip_mask_parent	0x381ddbc2
irq_chip_set_affinity_parent	0x4de31f24
irq_chip_set_parent_state	0xb42d01ff
irq_chip_set_type_parent	0xf041284c
irq_chip_set_vcpu_affinity_parent	0x49ee85fd
irq_chip_set_wake_parent	0x36fa54be
irq_chip_unmask_parent	0x39e2643b
irq_create_mapping_affinity	0x5465ea57
irq_dispose_mapping	0x2c7db649
irq_domain_alloc_irqs_parent	0x245655f7
irq_domain_create_hierarchy	0x78cded33
irq_domain_disconnect_hierarchy	0xacc1fea0
irq_domain_free_irqs_common	0x1436aef4
irq_domain_remove	0x1939ec3f
irq_domain_set_hwirq_and_chip	0xfd919894
irq_domain_set_info	0x58a50066
irq_domain_update_bus_token	0x66f856bc
irq_domain_xlate_onecell	0x10d0f014
irq_domain_xlate_twocell	0xae4c3af4
irq_find_matching_fwspec	0x9b2366d8
irq_get_irq_data	0x2a9b1ac8
irq_modify_status	0x7522f3ba
irq_of_parse_and_map	0x178c2e1f
irq_set_affinity_hint	0x2a7b4b03
irq_set_affinity_notifier	0x7082834f
irq_set_chained_handler_and_data	0x9502e48f
irq_set_chip_and_handler_name	0xde663212
irq_set_chip_data	0x20a789ac
irq_set_irq_type	0x0bc477a2
irq_set_irq_wake	0xce2840e7
irq_set_irqchip_state	0xb88dbfce
irq_set_parent	0xdc6596fa
irq_to_desc	0x48cd19ad
irq_work_queue	0xe8874a05
irq_work_queue_on	0x2c490170
irq_work_sync	0xc672a391
is_dma_buf_file	0xb18b0a9d
is_vmalloc_addr	0xc31db0ce
isolate_and_split_free_page	0xeda66b42
isolate_anon_lru_page	0xeb1638d4
iterate_fd	0xca27c3a5
jiffies	0x15ba50a6
jiffies_to_msecs	0x37befc70
jiffies_to_usecs	0x7f24de73
kasan_flag_enabled	0xa6f6226c
kasprintf	0xfb384d37
kern_mount	0x98389f55
kern_unmount	0x2048aacb
kernel_bind	0x6624074f
kernel_connect	0xda37c1cc
kernel_getsockname	0x318b7ae4
kernel_kobj	0x38995cd2
kernel_power_off	0xf184d189
kernel_recvmsg	0x04cba90e
kernel_sendmsg	0x3ea80216
kernfs_find_and_get_ns	0x5d87b7c6
kernfs_notify	0x17a89d3a
kernfs_put	0xff68043b
key_create_or_update	0xfe1d2e94
key_put	0x267f45e1
keyring_alloc	0xfc5471da
kfree	0x037a0cba
kfree_const	0xf474fdcb
kfree_sensitive	0xd0760fc0
kfree_skb	0x3387eaf7
kick_usbpd_vbus_sm	0xa14c8cf5
kill_anon_super	0x62289ff3
kill_fasync	0xcc3c831e
kimage_vaddr	0xb2ead97c
kimage_voffset	0xe4bbc1dd
kmalloc_caches	0xea0fd5fe
kmalloc_order_trace	0xb8b9f817
kmem_cache_alloc	0xa092972e
kmem_cache_alloc_trace	0x5239aaef
kmem_cache_create	0x3116c014
kmem_cache_create_usercopy	0xef61a739
kmem_cache_destroy	0xe348b38a
kmem_cache_free	0x4d011cb1
kmemdup	0x66b4cc41
kobj_sysfs_ops	0x74fcfb5a
kobject_add	0x77c15e3a
kobject_create_and_add	0xe2f2ac01
kobject_del	0xdcd7f2d3
kobject_init	0x6d584011
kobject_init_and_add	0x8ff170bc
kobject_put	0xfe6b276a
kobject_set_name	0x26ffbc17
kobject_uevent	0x9003ee04
kobject_uevent_env	0x16a8916e
krealloc	0xc8dcc62a
kset_create_and_add	0x6ad57edb
kset_find_obj	0x91fbc223
kset_unregister	0x74018afa
ksize	0x04ea5d10
ksoftirqd	0x0c2f4363
kstat	0x38869d88
kstat_irqs_cpu	0xb6bffb99
kstat_irqs_usr	0x9bb05a3a
kstrdup	0x2d39b0a7
kstrdup_const	0x365e7911
kstrndup	0x9eacf8a5
kstrtobool	0x124bad4d
kstrtoint	0x8c8569cb
kstrtoll	0x3854774b
kstrtos8	0x7429e20c
kstrtou16	0x4af6ddf0
kstrtou16_from_user	0x0474edef
kstrtou8	0x6a6e05bf
kstrtou8_from_user	0xdf256037
kstrtouint	0x3b6c41ea
kstrtouint_from_user	0x47cfd825
kstrtoul_from_user	0xf7d31de9
kstrtoull	0x5c3c7387
kstrtoull_from_user	0x7d74d522
kthread_bind_mask	0x05912723
kthread_cancel_delayed_work_sync	0xb39f2607
kthread_cancel_work_sync	0xcdeb29a1
kthread_create_on_node	0x15f9ecee
kthread_create_worker	0xf0bdce21
kthread_delayed_work_timer_fn	0xc1b48cc6
kthread_destroy_worker	0x9068c1e0
kthread_flush_work	0x1c2d7968
kthread_flush_worker	0x6631d171
kthread_mod_delayed_work	0xcca76f14
kthread_queue_delayed_work	0xfec7b06d
kthread_queue_work	0x50d3eb08
kthread_should_stop	0xb3f7646e
kthread_stop	0xb8c2d95d
kthread_worker_fn	0x955b0e2e
ktime_add_safe	0x03952887
ktime_get	0xb43f9365
ktime_get_coarse_with_offset	0xbcc15e75
ktime_get_mono_fast_ns	0x6ebe366f
ktime_get_real_seconds	0x953e1b9e
ktime_get_real_ts64	0x9ec6ca96
ktime_get_ts64	0x5e515be6
ktime_get_with_offset	0xc4f0da12
kvfree	0x7aa1756e
kvfree_call_rcu	0xbaf22757
kvmalloc_node	0x599fb41c
lct_audio_info_create_sysfs	0xb50cc005
lct_audio_info_set_pa_name	0xdfa5ae3d
led_classdev_flash_register_ext	0xadd47cec
led_classdev_flash_unregister	0xfdcfa2f2
led_classdev_register_ext	0x441f36a4
led_classdev_unregister	0xed91f373
led_trigger_event	0x7cfe9992
led_trigger_register_simple	0xf3d2a91a
led_trigger_unregister_simple	0xebaf4668
list_sort	0xe091c977
llist_add_batch	0xc7a1840e
llist_reverse_order	0x0ddb1cd7
lock_sock_nested	0x7f9a0a13
log_post_read_mmio	0x461806e7
log_post_write_mmio	0x82bdaa44
log_read_mmio	0x630c7ed8
log_write_mmio	0xb03b751c
lookup_page_ext	0xf9148a42
mac_pton	0x652032cb
map_debug_bases	0x0fc08f2a
match_string	0x81188c30
mbox_chan_received_data	0xa3b96c49
mbox_chan_txdone	0x9931303b
mbox_client_txdone	0xd0973fff
mbox_controller_register	0x564483cf
mbox_controller_unregister	0xff1fa4ca
mbox_free_channel	0x767878ac
mbox_request_channel	0x1fb4d43d
mbox_send_message	0xec55920d
md_dump_process	0xba295250
media_device_cleanup	0x3bf0d4ec
media_device_init	0xde5cf34c
media_device_unregister	0xb86cca5c
media_entity_pads_init	0xb7b294d2
mem_alloc_generic_req_msg_data_v01_ei	0xaae7d1de
mem_alloc_generic_resp_msg_data_v01_ei	0x3f44a368
mem_buf_dev	0xadfd6169
mem_buf_dma_buf_copy_vmperm	0xe9fe0320
mem_buf_dma_buf_exclusive_owner	0xc4466d04
mem_buf_dma_buf_export	0x0186e7a8
mem_buf_dma_buf_set_destructor	0x17b17d6b
mem_buf_fd_to_vmid	0x9f23fee7
mem_buf_lend	0x6ef0f169
mem_buf_reclaim	0x1c428aa7
mem_buf_share	0x286fe215
mem_buf_vmperm_alloc	0xce5771c6
mem_buf_vmperm_alloc_staticvm	0x9b0cef8c
mem_buf_vmperm_can_cmo	0xa31df8f4
mem_buf_vmperm_can_mmap	0x33aa254e
mem_buf_vmperm_can_vmap	0xab6ef9af
mem_buf_vmperm_pin	0x96ee923e
mem_buf_vmperm_release	0xd05f5b6e
mem_buf_vmperm_unpin	0xfeb8ae4a
mem_free_generic_req_msg_data_v01_ei	0x7977203c
mem_free_generic_resp_msg_data_v01_ei	0x7193b0cd
mem_query_size_req_msg_data_v01_ei	0xfc09fc89
mem_query_size_resp_msg_data_v01_ei	0xca1d8912
mem_section	0xa3521253
memblock_end_of_DRAM	0x4c894766
memblock_free	0x9f0ec720
memchr	0xa07a37f0
memcmp	0x449ad0a7
memcpy	0x4829a47e
memdup_user	0x9291cd3b
memmove	0x5a9f1d63
memory_block_size_bytes	0xfcc1edd3
memory_cgrp_subsys	0xce3f44e8
memory_read_from_buffer	0x65e0d6d7
memparse	0x27864d57
mempool_alloc	0xc3762aec
mempool_alloc_slab	0xc972449f
mempool_create	0x1953c958
mempool_destroy	0x9034a696
mempool_free	0xa897e3e7
mempool_free_slab	0x8a99a016
memremap	0x4d924f20
memset	0xdcb764ad
memset64	0xed8a2d95
memstart_addr	0x9688de8b
memunmap	0x9e9fdd9d
mi_walt_get_indicies_func	0x59196af3
mi_walt_lb_pull_tasks_func	0x598d6762
migrate_pages	0x90f84eaa
migrate_swap	0x86c6d1b9
millet_sendmsg	0x60866a4c
millet_sendto_user	0x95489121
mipi_dsi_create_packet	0x23daa989
mipi_dsi_dcs_read	0xc3531350
mipi_dsi_dcs_set_display_brightness	0xf954f104
mipi_dsi_dcs_set_tear_off	0x8f0abd43
mipi_dsi_host_register	0x9edaf0e5
mipi_dsi_host_unregister	0x9638c068
misc_deregister	0x3d51e1b1
misc_register	0x9f842df6
mmc_cmdq_disable	0x79f6eb6c
mmc_cmdq_enable	0xf9667925
mmc_cqe_request_done	0x4dd160c4
mmc_ffu	0x98e26f8c
mmc_get_card	0x13e5d679
mmc_get_ext_csd	0x3441f555
mmc_of_parse	0x27754442
mmc_put_card	0x24716c0b
mmc_regulator_get_supply	0x5b98d903
mmc_regulator_set_ocr	0x7187a93a
mmc_regulator_set_vqmmc	0xfd480a37
mmc_release_host	0x048f7a78
mmc_send_status	0x8853f365
mmc_send_tuning	0x9dec77b5
mmc_set_data_timeout	0x8871c413
mmc_switch	0x42890ddb
mmc_wait_for_cmd	0xb8445e65
mmc_wait_for_req	0x9fad5067
mmput	0xe1c11b81
mmrm_client_check_scaling_supported	0xde9150a8
mmrm_client_deregister	0x15e4a2d8
mmrm_client_get_value	0xb6f77941
mmrm_client_register	0xbbd8dc5d
mmrm_client_set_value	0x6be8a03a
mod_delayed_work_on	0xc4f47221
mod_node_page_state	0xb91c96fd
mod_timer	0x72cd0f7f
module_layout	0x0222dd63
module_put	0xc239ea43
msleep	0xf9a482f9
msleep_interruptible	0xcc5005fe
msm_audio_get_phy_addr	0x13b963ad
msm_audio_ion_crash_handler	0x9b4f1f33
msm_cdc_disable_ondemand_supply	0xb16e5581
msm_cdc_enable_ondemand_supply	0x695eff20
msm_cdc_enable_static_supplies	0x9674619b
msm_cdc_get_power_supplies	0x53c3d046
msm_cdc_init_supplies	0x04f47d7b
msm_cdc_pinctrl_get_state	0x51aa496c
msm_cdc_pinctrl_select_active_state	0x7881a8d0
msm_cdc_pinctrl_select_sleep_state	0xcf4d2def
msm_cdc_pinctrl_set_wakeup_capable	0x50919571
msm_data_fifo_config	0x1e52a708
msm_dma_buf_freed	0x289dd773
msm_dma_map_sg_attrs	0x7e148b75
msm_dma_unmap_all_for_dev	0x11b7d250
msm_dma_unmap_sg_attrs	0x4251e441
msm_ep_clear_ops	0x06680e6f
msm_ep_config	0xca10be4d
msm_ep_set_mode	0x72d6e025
msm_ep_unconfig	0xa7743da8
msm_ep_update_ops	0xa9a5cf04
msm_gpio_get_pin_address	0x435a71a8
msm_gpio_mpm_wake_set	0xdc9d499c
msm_minidump_add_region	0xbc932109
msm_minidump_enabled	0x584e21a2
msm_minidump_remove_region	0x217532ad
msm_mpm_enter_sleep	0xf9adc563
msm_perf_events_update	0x2c5bf99d
msm_pinctrl_probe	0xc8a3bf0f
msm_pinctrl_remove	0x0e2d8736
msm_qdss_csr_disable_bam_to_usb	0xaf4e8c38
msm_qdss_csr_disable_eth	0x1a348990
msm_qdss_csr_disable_flush	0x8f753304
msm_qdss_csr_enable_bam_to_usb	0x9b150412
msm_qdss_csr_enable_eth	0xbb7ca4c3
msm_qdss_csr_enable_flush	0x5b3cc0ae
msm_rpm_add_kvp_data	0x4db88ec9
msm_rpm_add_kvp_data_noirq	0xac8a598a
msm_rpm_create_request	0xd5f09ab0
msm_rpm_free_request	0xbbccdff9
msm_rpm_send_message	0xb50f371d
msm_rpm_send_request	0xd60cf4cf
msm_rpm_send_request_noack	0xe6461c59
msm_rpm_send_request_noirq	0xa46d70ae
msm_rpm_wait_for_ack	0x6eac2745
msm_rpm_wait_for_ack_noirq	0xb78dba82
msm_secure_get_vmid_perms	0xe171fa0e
msm_spare_read	0xa3454c9a
msm_spare_write	0x62bf5f41
mutex_is_locked	0x819bebd4
mutex_lock	0xd5977bfb
mutex_lock_interruptible	0x2c2067df
mutex_trylock	0x203392c6
mutex_unlock	0xed55cabd
napi_complete_done	0x1adcbe59
napi_disable	0x855c7030
napi_enable	0x814ea9e4
napi_gro_flush	0x867aca01
napi_gro_receive	0x70dc95a8
napi_schedule_prep	0xaea9b9c4
neigh_destroy	0x5b9af7c0
neigh_resolve_output	0x263ad084
net_ns_type_operations	0x67a4d996
netdev_err	0xba0644ae
netdev_rx_handler_register	0xead7afa1
netdev_rx_handler_unregister	0x0eb2621b
netdev_update_features	0x4e9c0fae
netif_carrier_off	0x533f4833
netif_carrier_on	0x10229dce
netif_napi_add	0x6baaaa36
netif_receive_skb	0x0825a356
netif_receive_skb_list	0x6b8bf149
netif_rx	0x3a829981
netif_rx_ni	0x2880f4f8
netif_schedule_queue	0xf0e523d5
netif_tx_stop_all_queues	0x286b665d
netif_tx_wake_queue	0xf6d62a24
netlink_broadcast	0x9f0f7f81
netlink_kernel_release	0xb2f3fd98
netlink_register_notifier	0xfa599bb2
netlink_unicast	0x6bf34f33
netlink_unregister_notifier	0xdf54a8f7
nf_register_net_hooks	0xbba1eb75
nf_unregister_net_hooks	0xaf88a58e
nla_find	0xcd279169
nla_memcpy	0xf1db1704
nla_put	0x21844262
nla_put_64bit	0xd30ae381
nla_reserve	0x4fb5570b
nla_reserve_64bit	0x065c4d1a
nla_strscpy	0x84823cf3
no_llseek	0x528c8b55
nonseekable_open	0xc18e62cb
noop_llseek	0xd1208e05
nr_cpu_ids	0x017de3d5
nr_free_buffer_pages	0x27fa66e1
nr_ipi_get	0x215054f8
nr_irqs	0xcdca3691
ns_to_timespec64	0x1e1e140e
nsecs_to_jiffies	0xffae8e8b
nvmem_cell_get	0x2c7aca28
nvmem_cell_put	0x85540ebc
nvmem_cell_read	0x99f018c4
nvmem_cell_read_u32	0x19f72100
nvmem_cell_write	0x202d4ed6
nvmem_device_read	0xc697b0f7
nvmem_device_write	0x3866e217
oem_register_binder_hook	0x4ef9bdc7
of_address_to_resource	0x761b06be
of_alias_get_id	0x31c55242
of_clk_add_hw_provider	0x633f28ca
of_clk_add_provider	0x77e07944
of_clk_del_provider	0x32fa370b
of_clk_get_from_provider	0x7eb4612e
of_clk_hw_simple_get	0x4ac78a19
of_clk_src_onecell_get	0x8122a5ae
of_clk_src_simple_get	0xbcadf430
of_count_phandle_with_args	0xbce318c2
of_cpu_node_to_id	0xc32add36
of_devfreq_cooling_register	0x19c9ebda
of_device_get_match_data	0x14d7a873
of_device_is_available	0x695f563a
of_device_is_compatible	0xb953c4ef
of_device_uevent_modalias	0xfaa196d3
of_dma_configure_id	0x4c6da643
of_dma_controller_free	0x8203e99d
of_dma_controller_register	0xc15fa4af
of_dma_is_coherent	0xe236fef1
of_drm_find_bridge	0xf3479c1b
of_drm_find_panel	0xfae89156
of_find_compatible_node	0x3ab39c72
of_find_device_by_node	0x0c5776c2
of_find_matching_node_and_match	0x8e3271a2
of_find_node_by_name	0x51ae23ec
of_find_node_by_phandle	0x38996265
of_find_node_opts_by_path	0x160c9308
of_find_node_with_property	0x99a55dda
of_find_property	0xba82ac8f
of_fwnode_ops	0x5c9b341c
of_genpd_add_provider_onecell	0xabee782d
of_genpd_add_provider_simple	0xdc42d1c9
of_genpd_del_provider	0xa8106ae3
of_get_child_by_name	0xc343c521
of_get_coresight_csr_name	0xdd7041ce
of_get_cpu_node	0x8e65314b
of_get_named_gpio_flags	0xf17c4a7d
of_get_next_available_child	0x31a7e68c
of_get_next_child	0x311c9ba7
of_get_next_parent	0x9c8f6dc2
of_get_parent	0x59e8c429
of_get_property	0x82bb0350
of_get_regulator_init_data	0x35b93fad
of_graph_get_next_endpoint	0xfdc2ef81
of_graph_get_port_parent	0x8f0dcd93
of_graph_get_remote_endpoint	0x34323252
of_graph_get_remote_node	0x0281b55c
of_graph_get_remote_port_parent	0xbbcde03b
of_graph_is_present	0xb3da74e4
of_graph_parse_endpoint	0x8e00236e
of_hwspin_lock_get_id	0x8197c72f
of_icc_get	0x1f9ad66b
of_icc_xlate_onecell	0xf3466b2e
of_iomap	0xe85b2278
of_irq_find_parent	0x356ede45
of_irq_get	0xaa4568a4
of_irq_get_byname	0x497ddc24
of_match_device	0x4f8f8ffe
of_match_node	0x8896326d
of_modalias_node	0x86c331a4
of_n_addr_cells	0x9a9d7efb
of_n_size_cells	0xfe745503
of_node_name_eq	0x34f46cda
of_parse_phandle	0x59c4f9e1
of_parse_phandle_with_args	0x765c77f7
of_parse_phandle_with_fixed_args	0x89104b27
of_phandle_iterator_init	0x0e416596
of_phandle_iterator_next	0xa8b887c3
of_phy_simple_xlate	0x44a2ab14
of_platform_depopulate	0x36c7fbb6
of_platform_device_create	0x9b0800fe
of_platform_device_destroy	0x76590141
of_platform_populate	0x34498f47
of_prop_next_string	0xfd6dabf0
of_prop_next_u32	0xba7e7f78
of_property_count_elems_of_size	0x1ff61c30
of_property_match_string	0x986124cd
of_property_read_string	0x87326190
of_property_read_string_helper	0xb97233e8
of_property_read_u32_index	0x13b3fcf3
of_property_read_u64	0xad348830
of_property_read_variable_u32_array	0xa3a83f8c
of_property_read_variable_u8_array	0xb5e6c830
of_register_swr_devices	0xe221f381
of_reserved_mem_device_init_by_idx	0x5431f61f
of_reserved_mem_device_release	0x35123436
of_reserved_mem_lookup	0x65825492
of_root	0xc152cbb4
of_slim_get_device	0x0096b343
of_thermal_get_ntrips	0x23e1a790
of_thermal_get_trip_points	0x77ebb91c
of_thermal_is_trip_valid	0x9b8b512f
of_translate_address	0x27396b85
overflowuid	0x8b618d08
page_endio	0x4cf99ea5
page_mapping	0xeaad4c48
panel_event_notification_trigger	0x85881243
panel_event_notifier_register	0x3a76fd89
panel_event_notifier_unregister	0xa138dda0
panic	0xf1e046cc
panic_notifier_list	0x07ceeac9
panic_timeout	0x1f8544b8
param_array_ops	0x42541bac
param_get_int	0x7ff76189
param_get_string	0x2e3260ca
param_get_uint	0x54f0a683
param_ops_bool	0x08070288
param_ops_charp	0x3fa768fd
param_ops_int	0x65cafe5c
param_ops_string	0x304dd2d6
param_ops_uint	0x7c75e4a8
param_ops_ullong	0x46a31125
param_ops_ulong	0xefc8860a
param_set_bool	0xead1dee9
param_set_copystring	0xf487e0f2
param_set_int	0x542907dc
param_set_uint	0x2c5a0016
pci_bus_type	0x5ed7d00a
pci_device_group	0x72412ebd
pci_read_config_dword	0x69797f86
pci_read_config_word	0x00b78d00
pci_write_config_dword	0x4c8f1b55
pci_write_config_word	0x2af152d9
pcpu_nr_pages	0xe7b9a65d
pdr_add_lookup	0x432975e6
pdr_handle_alloc	0x47b2ed49
pdr_handle_release	0xf618ca5b
pdr_restart_pd	0x1c76ea4d
per_cpu_ptr_to_phys	0x55ffab3b
perf_aux_output_begin	0xa4f30826
perf_aux_output_end	0x20abc625
perf_aux_output_flag	0x759bc5f3
perf_event_create_kernel_counter	0xfd6838d6
perf_event_enable	0xc4b48c65
perf_event_read_local	0xce204699
perf_event_read_value	0xa5d7023f
perf_event_release_kernel	0x19295440
perf_get_aux	0xbadf6e70
perf_pmu_register	0xf7b11eb8
perf_pmu_unregister	0x26cdb52d
perf_trace_buf_alloc	0x2d2c902f
perf_trace_run_bpf_submit	0x7ff5b9fd
pfn_is_map_memory	0x6da467cb
phy_calibrate	0x40d87ae5
phy_exit	0x173136a9
phy_init	0xfb37cdbd
phy_power_off	0x934d4ad2
phy_power_on	0x125d8b14
phy_set_mode_ext	0xa85c497e
pick_highest_pushable_task	0xe594de3f
pick_migrate_task	0x52dea06c
pid_nr_ns	0x819459cf
pid_task	0x75c08240
pinconf_generic_dt_node_to_map	0x8c99c39b
pinctrl_dev_get_drvdata	0x99894c8f
pinctrl_force_default	0xeac9f01d
pinctrl_force_sleep	0x6543a8dd
pinctrl_lookup_state	0x6312796c
pinctrl_pm_select_default_state	0x57aca6e2
pinctrl_pm_select_sleep_state	0xafddac60
pinctrl_select_state	0x66cabad1
pinctrl_utils_free_map	0xe8d58dc1
platform_bus_type	0x648ffea5
platform_device_add	0x53024ebd
platform_device_add_data	0x5fedd0c6
platform_device_alloc	0xa85dce9c
platform_device_del	0xb7bb6ea0
platform_device_put	0x2cffad1f
platform_device_register	0x5aeea149
platform_device_register_full	0x056b2617
platform_device_unregister	0x51c4270d
platform_driver_unregister	0xb68b66dd
platform_get_irq	0x26642b9c
platform_get_irq_byname	0xed801dd7
platform_get_resource	0x647bbfd5
platform_get_resource_byname	0xa3fc462a
platform_irq_count	0xc9aae45d
platform_irqchip_probe	0x2242efc4
pm_clk_add	0x78691983
pm_clk_create	0x11ec5a7c
pm_clk_destroy	0xc9edaac0
pm_clk_resume	0x2d9a50df
pm_clk_suspend	0x7c9a7f09
pm_generic_resume	0x7f6a3c0f
pm_generic_suspend	0x7fdffd58
pm_genpd_add_subdomain	0x173ab981
pm_genpd_init	0x71f97c0b
pm_genpd_remove	0x37a6b35a
pm_genpd_remove_subdomain	0x5317d612
pm_power_off	0x60a32ea9
pm_relax	0x349d7031
pm_runtime_allow	0xb36d0d44
pm_runtime_autosuspend_expiration	0x63632604
pm_runtime_barrier	0xb4c6f962
pm_runtime_enable	0x9a6993d1
pm_runtime_forbid	0xa739712c
pm_runtime_force_resume	0xbe9c518f
pm_runtime_force_suspend	0x01d74a94
pm_runtime_irq_safe	0xcac4f252
pm_runtime_no_callbacks	0x6430a0d5
pm_runtime_set_autosuspend_delay	0x0cb3136b
pm_stay_awake	0x56cddc9d
pm_suspend_global_flags	0x42635d55
pm_system_wakeup	0x8c0215f2
pm_wakeup_dev_event	0x09220c2a
pm_wakeup_ws_event	0xfd257921
pmic_glink_register_client	0x8945c783
pmic_glink_unregister_client	0x56e3edd9
pmic_glink_write	0x5a5edc5c
policy_has_boost_freq	0xee7c2ac5
power_supply_changed	0x19a6e0f2
power_supply_get_by_name	0xfafc9995
power_supply_get_drvdata	0x1341b492
power_supply_get_property	0x91406f94
power_supply_put	0x9c330032
power_supply_reg_notifier	0x136209db
power_supply_set_property	0xd9495a81
power_supply_unreg_notifier	0x6b81c38b
power_supply_unregister	0x761937dc
preempt_schedule	0x43b0c9c3
preempt_schedule_notrace	0xf70e4a4d
prepare_to_wait_event	0x8c26d495
print_hex_dump	0x167c5967
proc_create	0x1453ea4b
proc_create_data	0x60480c78
proc_dointvec	0xa8181adf
proc_dointvec_minmax	0x2cdf87a1
proc_dostring	0x319d493d
proc_douintvec_minmax	0x638aff11
proc_mkdir	0xaa04709b
proc_remove	0xe5aaaab6
proc_set_size	0x4ca19932
proto_register	0x59f4dc19
proto_unregister	0xf8288424
pskb_expand_head	0x7f577cb4
put_device	0x313a6dce
put_iova_domain	0x8d26a975
put_pid	0x16dd6f02
put_sg_io_hdr	0x5ec4aee6
put_unused_fd	0x3f4547a7
put_user_ifreq	0x38f48af7
putback_movable_pages	0xbd6f03f7
pwm_apply_state	0x42c24f2f
pwmchip_add	0x27122273
pwmchip_remove	0x486a16db
qce_ablk_cipher_req	0x75506860
qce_aead_req	0xedc0e32c
qce_clear_driver_stats	0xec092a95
qce_close	0x575c81e1
qce_disable_clk	0x81a61e31
qce_enable_clk	0x0d26f8cb
qce_get_crypto_status	0xe9be0d52
qce_get_driver_stats	0x8a41438e
qce_hw_support	0x46a7cef5
qce_manage_timeout	0x0e30ff3f
qce_open	0xa499034b
qce_pm_table	0x4541bcae
qce_process_sha_req	0xccf2c8be
qce_set_irqs	0x4fde47cc
qcom_adc5_avg_samples_from_dt	0x53546ecd
qcom_adc5_decimation_from_dt	0x47f699dd
qcom_adc5_hw_scale	0x75e94540
qcom_adc5_hw_settle_time_from_dt	0x4e64cdb9
qcom_adc5_prescaling_from_dt	0xc61e7a34
qcom_adc_tm5_temp_volt_scale	0x39885d6b
qcom_add_glink_subdev	0x37b65316
qcom_add_smd_subdev	0x65e849c5
qcom_add_ssr_subdev	0x57aa694a
qcom_add_sysmon_subdev	0xd8b7406a
qcom_alloc_io_pgtable_ops	0x0761be0e
qcom_bimc_ops	0xf4242968
qcom_cc_map	0xcf9c91ca
qcom_cc_really_probe	0xf202ea17
qcom_cc_register_rcg_dfs	0xbc4cdf5d
qcom_cc_sync_state	0x52eb10e5
qcom_clk_dump	0xa9a939b7
qcom_clk_get_voltage	0x2e5a6763
qcom_clk_set_flags	0x808a7fdf
qcom_cpufreq_get_cpu_cycle_counter	0xb6dda057
qcom_create_ramdump_device	0x47fff4b0
qcom_dcvs_get_ddr_child_node	0xf5c0a90b
qcom_dcvs_hw_minmax_get	0xeb65b1b1
qcom_dcvs_kobject_get	0x95fd20e3
qcom_dcvs_register_voter	0x425e7e2c
qcom_dcvs_unregister_voter	0x27547f87
qcom_dcvs_update_votes	0xdef933ab
qcom_destroy_ramdump_device	0x16b6cbc9
qcom_device_shutdown_in_progress	0x800704bd
qcom_dma_iommu_is_ready	0x0a97a9bd
qcom_dump	0x83406421
qcom_elf_dump	0x4948a3b7
qcom_free_io_pgtable_ops	0xa36385ce
qcom_get_cpucp_id	0xade3e7e8
qcom_get_scm_device	0x2e272328
qcom_glink_early_ssr_notify	0xf70aabd6
qcom_glink_is_wakeup	0x943635f9
qcom_glink_mem_entry_free	0x3496321c
qcom_glink_mem_entry_init	0x0912093b
qcom_glink_native_probe	0x0a5c0e2b
qcom_glink_native_remove	0x149236da
qcom_glink_native_start	0x44a1e069
qcom_glink_native_unregister	0xfd2d5a1d
qcom_glink_smem_register	0xd88c7f8c
qcom_glink_smem_start	0x0173aa48
qcom_glink_smem_unregister	0x72dd75d9
qcom_glink_spss_register	0x509097f8
qcom_glink_spss_unregister	0xf84e73d0
qcom_glink_ssr_notify	0xf14f5684
qcom_icc_get_bw_stub	0xd1843293
qcom_icc_rpm_aggregate	0xb8dc414b
qcom_icc_rpm_pre_aggregate	0xe50267de
qcom_icc_rpm_set	0xa48b3170
qcom_io_pgtable_free_page	0xe3e506ce
qcom_iommu_enable_s1_translation	0xeab16ef4
qcom_iommu_generate_resv_regions	0xfcb74578
qcom_iommu_get_asid_nr	0x3968346d
qcom_iommu_get_context_bank_nr	0xa8041930
qcom_iommu_get_fast_iova_range	0x58809a68
qcom_iommu_get_mappings_configuration	0xd608485e
qcom_iommu_iova_to_phys_hard	0x58170ee7
qcom_iommu_set_fault_model	0x5f45534e
qcom_iommu_set_secure_vmid	0xbcde8cb5
qcom_iommu_sid_switch	0xd80b94d5
qcom_mdt_free_metadata	0xa1793cd7
qcom_mdt_get_size	0xe8a3861c
qcom_mdt_load	0xec6fbebd
qcom_mdt_load_no_free	0x42472220
qcom_minidump	0x1af44eef
qcom_notify_early_ssr_clients	0xee14fdf9
qcom_pil_info_store	0x30e58241
qcom_pil_timeouts_disabled	0xef11b635
qcom_pmu_event_supported	0x5f238620
qcom_pmu_idle_register	0x7eb04ed9
qcom_pmu_read	0xca8c4758
qcom_pmu_read_all_local	0xb88bcbd9
qcom_q6v5_init	0x971c98ee
qcom_q6v5_panic	0x683f07ca
qcom_q6v5_prepare	0x6733d2c1
qcom_q6v5_register_ssr_subdev	0xe097b3a5
qcom_q6v5_request_stop	0x996f41ce
qcom_q6v5_unprepare	0x26f13e63
qcom_q6v5_wait_for_start	0x51fabf74
qcom_qnoc4_ops	0x1894e241
qcom_register_dump_segments	0xbb444e5a
qcom_register_early_ssr_notifier	0xc5fb8453
qcom_register_ssr_notifier	0x0fa538df
qcom_remove_glink_subdev	0x84797c7e
qcom_remove_smd_subdev	0x34f4da5f
qcom_remove_ssr_subdev	0xf23b3cbd
qcom_remove_sysmon_subdev	0xa881c6fc
qcom_rpm_write	0xd520f912
qcom_scm_assign_dump_table_region	0x042b8a05
qcom_scm_assign_mem_regions	0x192fe500
qcom_scm_camera_protect_phy_lanes	0x170fe239
qcom_scm_clear_ice_key	0xb6e7c224
qcom_scm_config_set_ice_key	0x48df548b
qcom_scm_custom_reset_type	0xa8dc4adb
qcom_scm_dcvs_ca_available	0xc0431727
qcom_scm_dcvs_core_available	0x3ba7797d
qcom_scm_dcvs_init_ca_v2	0x1deaf3c9
qcom_scm_dcvs_init_v2	0x99937451
qcom_scm_dcvs_reset	0x93bf905f
qcom_scm_dcvs_update	0x5b5c52ab
qcom_scm_dcvs_update_ca_v2	0x945bcb2b
qcom_scm_dcvs_update_v2	0xb57a87ee
qcom_scm_deassert_ps_hold	0xefeec406
qcom_scm_derive_raw_secret	0x9c4f4292
qcom_scm_disable_sdi	0x34a9f581
qcom_scm_get_download_mode	0xd9dc8135
qcom_scm_get_sec_dump_state	0x8e1b7c28
qcom_scm_get_tz_feat_id_version	0xae116aaa
qcom_scm_get_tz_log_feat_id	0x3d251a04
qcom_scm_ice_available	0xfc9ed8c3
qcom_scm_ice_invalidate_key	0x1de59c22
qcom_scm_ice_set_key	0xa448c653
qcom_scm_invoke_callback_response	0x46af89ee
qcom_scm_invoke_smc	0x6a57beeb
qcom_scm_invoke_smc_legacy	0xd3f11128
qcom_scm_io_readl	0x4e2e74c1
qcom_scm_io_reset	0x9a70fd21
qcom_scm_io_writel	0x1de67f9b
qcom_scm_is_available	0x99094fb2
qcom_scm_kgsl_set_smmu_aperture	0x61b3c1c3
qcom_scm_kgsl_set_smmu_lpac_aperture	0x63d450ba
qcom_scm_mem_protect_sd_ctrl	0x8430fbf7
qcom_scm_mem_protect_video_var	0x8d4112df
qcom_scm_pas_auth_and_reset	0xdd7e3192
qcom_scm_pas_init_image	0x37c173c5
qcom_scm_pas_mem_setup	0x5b54903b
qcom_scm_pas_shutdown	0xfc52abc7
qcom_scm_pas_shutdown_retry	0xc1538ee3
qcom_scm_qseecom_call	0x1e77ab1a
qcom_scm_qsmmu500_wait_safe_toggle	0xc69fce52
qcom_scm_query_encrypted_log_feature	0x9d909c45
qcom_scm_register_qsee_log_buf	0x640e3f5d
qcom_scm_request_encrypted_log	0xfae9bc40
qcom_scm_sec_wdog_deactivate	0xca52834e
qcom_scm_set_download_mode	0x157645af
qcom_scm_set_remote_state	0x9b128a66
qcom_scm_smmu_notify_secure_lut	0xfae85203
qcom_scm_tsens_reinit	0xd44b11ec
qcom_smd_register_edge	0x54356d7a
qcom_smd_unregister_edge	0x3330a1c8
qcom_smem_alloc	0x34b57571
qcom_smem_get	0x5899664c
qcom_smem_get_free_space	0x5a710273
qcom_smem_state_get	0x50d67d4c
qcom_smem_state_register	0xf40080db
qcom_smem_state_unregister	0x4561f990
qcom_smem_state_update_bits	0xf730fb4a
qcom_smem_virt_to_phys	0x9979b76e
qcom_sysmon_get_txn_id	0xb2fae318
qcom_sysmon_shutdown_acked	0x1482d168
qcom_unregister_early_ssr_notifier	0xb2f63518
qcom_unregister_ssr_notifier	0xd6cc0cc0
qcom_va_md_add_region	0x0fc85ce1
qcom_va_md_enabled	0x36f97954
qcom_va_md_register	0xb4371f6f
qcom_wdt_pet_resume	0xa2cc40c1
qcom_wdt_pet_suspend	0x07eb1161
qcom_wdt_register	0x6a376d11
qcom_wdt_remove	0x381ef1f4
qmi_add_lookup	0x61b000a1
qmi_add_server	0x7990c0ab
qmi_handle_init	0xd44d3b8c
qmi_handle_release	0x52ac9dc3
qmi_response_type_v01_ei	0x21ce5888
qmi_send_indication	0x550e7e96
qmi_send_request	0x28b3aa61
qmi_send_response	0x5e9d63ef
qmi_txn_cancel	0xe852134f
qmi_txn_init	0xe2beb423
qmi_txn_wait	0xc414c2b3
qmp_get	0x0e93e8c4
qmp_register_rx_cb	0xae0c82c3
qmp_send	0x9e2aa1df
qpnp_lpg_pwm_get_output_types_supported	0x85c44316
qpnp_lpg_pwm_set_output_type	0xa9b3d3a4
qpnp_pon_check_hard_reset_stored	0x5b7ed15e
qpnp_pon_set_restart_reason	0x4fac3c84
qpnp_pon_system_pwr_off	0xb2a86526
qrtr_endpoint_post	0xfa4bc742
qrtr_endpoint_register	0x2c320ee8
qrtr_endpoint_unregister	0x1f142134
qrtr_get_service_id	0x8f7bf0ae
qrtr_ns_init	0xa47e91ba
qrtr_ns_remove	0x8d25501f
qrtr_print_wakeup_reason	0x3fbd4070
qseecom_process_listener_from_smcinvoke	0x3eb297e8
qseecom_send_command	0x53d35828
qseecom_shutdown_app	0xd516a511
qseecom_start_app	0x802d7623
qtee_shmbridge_allocate_shm	0x79123a12
qtee_shmbridge_deregister	0x5658fa1f
qtee_shmbridge_flush_shm_buf	0x75369b91
qtee_shmbridge_free_shm	0x0b87d78b
qtee_shmbridge_inv_shm_buf	0x67847272
qtee_shmbridge_is_enabled	0x99367cb2
qtee_shmbridge_query	0xdd0a170f
qtee_shmbridge_register	0x97c3c32d
qti_battery_charger_get_prop	0x47653d56
qti_flash_led_prepare	0x9a902f41
query_binder_app_stat	0x1257f8cd
queue_delayed_work_on	0xbf57e89e
queue_work_on	0x732ac580
radix_tree_insert	0x6fbc6a00
radix_tree_iter_delete	0x6dc35b25
radix_tree_lookup	0x70ad75fb
radix_tree_next_chunk	0x2c541e7b
rational_best_approximation	0xb0a0da0c
raw_notifier_call_chain	0xa851973a
raw_notifier_chain_register	0xdc9fa232
raw_notifier_chain_unregister	0xd06524ba
raw_spin_rq_lock_nested	0xf4bd0ed7
raw_spin_rq_unlock	0x06fe9fe1
rb_erase	0x4d9b652b
rb_first	0xece784c2
rb_insert_color	0xa5526619
rb_last	0xdf2c2742
rb_next	0xca9360b5
rb_prev	0xf82ec573
rdev_get_drvdata	0x03300c65
reboot_mode	0x429c3f9c
rebuild_sched_domains	0xa65ab83d
reclaim_shmem_address_space	0xcf06ed7f
refcount_dec_and_lock	0x5e06bc5c
refcount_dec_not_one	0x47c20f8a
refcount_warn_saturate	0x0296695f
regcache_cache_bypass	0xfdc69588
regcache_cache_only	0xc799d9ed
regcache_mark_dirty	0x186342fe
regcache_sync	0x231da597
regcache_sync_region	0xf30bf95f
register_chrdev_region	0x3fd78f3b
register_cld_cmd_cb	0x14d2e4b6
register_console	0x29e0f0d9
register_die_notifier	0xb6261484
register_ftrace_export	0x9593ef31
register_inet6addr_notifier	0x60352082
register_inetaddr_notifier	0xf68285c0
register_kretprobe	0x79345cb9
register_memory_notifier	0x0a770832
register_millet_hook	0x4e3451ba
register_module_notifier	0xf353a698
register_netdev	0x96cc121a
register_netdevice	0xe8772eaf
register_netdevice_notifier	0xd2da1048
register_netevent_notifier	0x4761f17c
register_pernet_device	0x62812e41
register_pm_notifier	0x9cc4f70a
register_reboot_notifier	0x3517383e
register_restart_handler	0xd9d8fd16
register_shrinker	0x05b09706
register_syscore_ops	0xb9c425de
register_sysctl_table	0x6a449c4f
register_tcp_dev_notifier	0x74af14a9
regmap_bulk_read	0xcf01e6f2
regmap_bulk_write	0x77a2f325
regmap_check_range_table	0xe4901618
regmap_exit	0x85d22c8b
regmap_field_read	0x9e54468c
regmap_field_update_bits_base	0xf36fb827
regmap_irq_get_virq	0x55784228
regmap_mmio_detach_clk	0x7c6f790b
regmap_raw_read	0x617915e5
regmap_read	0xd58b01d7
regmap_register_patch	0xe99b502b
regmap_update_bits_base	0x7725a34d
regmap_write	0xd43025f1
regulator_allow_bypass	0x4f982b86
regulator_bulk_disable	0xe0975d87
regulator_count_voltages	0x6a40ac26
regulator_disable	0x4eec1779
regulator_enable	0x0a27d944
regulator_force_disable	0x4a270387
regulator_get	0x7e5ef82f
regulator_get_mode	0x85097f00
regulator_get_voltage	0x014315d1
regulator_get_voltage_rdev	0x9793cc0a
regulator_is_enabled	0x261e7f14
regulator_is_supported_voltage	0xb4cf447a
regulator_proxy_consumer_sync_state	0x02e60c55
regulator_put	0x9a45b209
regulator_register	0xa30176c8
regulator_register_notifier	0x86be7f5e
regulator_set_current_limit	0xd36cd787
regulator_set_load	0x694a3645
regulator_set_mode	0x3648026e
regulator_set_voltage	0x3095dd01
regulator_unregister	0x2ea63034
regulator_unregister_notifier	0xd2124b30
regulatory_set_wiphy_regd	0x027a34d8
release_firmware	0xc6d09aa9
release_sock	0x01cab7cf
remap_pfn_range	0x8fecce95
remove_cpu	0xad4e6259
remove_proc_entry	0x7fac5fcb
report_iommu_fault	0xbecf97a6
request_any_context_irq	0xdbdb0e8b
request_firmware	0x2e2682d1
request_firmware_into_buf	0xc25e2dc5
request_firmware_nowait	0x1fbf690e
request_threaded_irq	0x92d5838e
rerun_election	0xbce9a5c8
resched_curr	0xab0c2844
reset_control_assert	0x6c4b6684
reset_control_deassert	0xb2210d64
return_address	0xb917b6d7
rfkill_alloc	0x786e90a7
rfkill_blocked	0xc0763484
rfkill_destroy	0xdb68bbad
rfkill_init_sw_state	0xaad6d92f
rfkill_register	0xff282521
rfkill_resume_polling	0xc781bd9f
rfkill_set_hw_state_reason	0x0cdce87c
rfkill_unregister	0x083eb21c
rmnet_ctl_get_stats	0xb3c15579
rmnet_ctl_if	0x98411e14
rmnet_module_hook_register	0xf183cf8e
rmnet_module_hook_unregister_no_sync	0x132c98da
rmnet_wlan_ll_tuple_hook	0x0b2ff977
rndis_deregister	0xabc759da
rndis_free_response	0x6caed61a
rndis_get_next_response	0xa05aeda2
rndis_msg_parser	0x5412cd98
rndis_register	0x771e70c2
rndis_set_host_mac	0x4dfa1cbf
rndis_set_param_dev	0x678efe94
rndis_set_param_medium	0xb3357dd9
rndis_set_param_vendor	0x28d3d193
rndis_signal_connect	0x6f05a799
rndis_uninit	0x83757d91
root_task_group	0x31db44ea
rpmsg_get_signals	0x650eaf18
rpmsg_poll	0xf60685b8
rpmsg_register_device	0x61978e79
rpmsg_rx_done	0x8624a2fc
rpmsg_send	0x0cc4c51d
rpmsg_set_signals	0x4fbe4d23
rpmsg_trysend	0x0763dcdc
rpmsg_unregister_device	0x8e0b4dc7
rproc_add	0xc78d3add
rproc_add_subdev	0x192ad040
rproc_alloc	0x126d8eed
rproc_boot	0xe4a5b329
rproc_coredump	0x0a5b383b
rproc_coredump_add_custom_segment	0x838bf24b
rproc_coredump_add_segment	0xdccd6c68
rproc_coredump_cleanup	0xdd2f4d5a
rproc_coredump_set_elf_info	0xa91926af
rproc_del	0x79266395
rproc_free	0x096b9f73
rproc_get_by_child	0xd99245c2
rproc_get_by_phandle	0xf668cd44
rproc_put	0x6c23696b
rproc_remove_subdev	0x48a4fc89
rproc_report_crash	0x6db814e3
rproc_shutdown	0x1231e951
rt_regmap_block_read	0x48fa9008
rt_regmap_block_write	0x2d523528
rt_regmap_cache_reload	0xd63b75b4
rt_regmap_device_register_ex	0xe5d2c2aa
rt_regmap_device_unregister	0x89435810
rtc_add_group	0xda344195
rtc_class_close	0xab9cbcf1
rtc_class_open	0x188b09da
rtc_read_time	0xdd276376
rtc_time64_to_tm	0x356461c8
rtc_tm_to_time64	0x4f2250ba
rtc_update_irq	0xe6ca50b5
rtc_valid_tm	0x5838f6c9
rtnl_is_locked	0x85670f1d
rtnl_link_register	0x84154d8f
rtnl_link_unregister	0xbbd02329
rtnl_lock	0xc7a4fbed
rtnl_trylock	0xf4f14de6
rtnl_unicast	0xba7c984c
rtnl_unlock	0x6e720ff2
runqueues	0xcfbfbb96
scatterwalk_ffwd	0x5bbdfa26
scatterwalk_map_and_copy	0x845dbf3b
sched_clock	0xd653b126
sched_feat_keys	0x573cdd6b
sched_feat_names	0x36707baf
sched_lpm_disallowed_time	0x1eba8f5f
sched_set_fifo	0x35900353
sched_set_normal	0x655c9e2a
sched_setattr	0xda57cf92
sched_setscheduler	0xac32689f
sched_setscheduler_nocheck	0xf2702925
sched_show_task	0x7f5add08
sched_trace_rd_span	0x014bc868
sched_uclamp_used	0x056a37c5
schedule	0x01000e51
schedule_timeout	0x8ddd8aad
schedule_timeout_interruptible	0x054496b4
scnprintf	0x96848186
scsi_autopm_get_device	0x84551c76
scsi_autopm_put_device	0x1bd064ad
scsi_block_when_processing_errors	0x16af9b14
scsi_cmd_allowed	0xc1d5d504
scsi_command_size_tbl	0x0334da4e
scsi_device_get	0x6d7dc655
scsi_device_put	0x3cd949cf
scsi_ioctl	0x7610019d
scsi_ioctl_block_when_processing_errors	0xbd5e0e7a
scsi_normalize_sense	0xfbad3cf0
scsi_register_interface	0x51d2ced7
sdev_prefix_printk	0x23a274a0
sdhci_add_host	0xb1442b8a
sdhci_cleanup_host	0xddf06ad3
sdhci_cqe_disable	0xaa6e8088
sdhci_cqe_enable	0xc1d66473
sdhci_cqe_irq	0x9a261012
sdhci_dumpregs	0x00dc6d7c
sdhci_enable_clk	0x63337f0e
sdhci_get_property	0x7858ff8c
sdhci_pltfm_free	0x13534885
sdhci_pltfm_init	0x2ef620c5
sdhci_remove_host	0xd7ec7b4b
sdhci_reset	0x9b47877e
sdhci_set_bus_width	0xd130fba9
sdhci_set_power_noreg	0x80930048
sdhci_setup_host	0x4f95bd19
select_fallback_rq	0x0b5fb655
seq_buf_printf	0xe397caf5
seq_hex_dump	0x748c3cf7
seq_lseek	0x9efacf32
seq_open	0x7529d847
seq_printf	0x1e42c653
seq_putc	0x0326aea6
seq_puts	0xf53068cd
seq_read	0x8d452a34
seq_release	0xde2fd419
seq_vprintf	0xb1d88668
seq_write	0xfea11aa0
set_capacity	0x4f19775a
set_capacity_and_notify	0x4b31b194
set_cpus_allowed_ptr	0x3df3a943
set_lct_tp_gesture_status	0x8e4a0c40
set_lct_tp_info_callback	0xe67ef420
set_lct_tp_work_status	0x04fd32b1
set_next_entity	0x70f8b629
set_normalized_timespec64	0x365acda7
set_page_dirty_lock	0x9a293753
set_task_cpu	0xb776a20c
set_user_nice	0x7d15e761
sg_alloc_table	0x3a2f6702
sg_alloc_table_from_pages_segment	0xdf889f6a
sg_copy_from_buffer	0x905695ab
sg_copy_to_buffer	0x02b8ab42
sg_free_table	0x7f5b4fe4
sg_init_one	0xb320cc0e
sg_init_table	0xf888ca21
sg_miter_next	0x19c03e9f
sg_miter_start	0x54ba365f
sg_miter_stop	0x55f23c16
sg_next	0x87b8798d
shmem_file_setup	0x9703ba84
shmem_read_mapping_page_gfp	0x7f15837f
show_regs	0x707b45a0
si_mem_available	0x785a93b4
si_meminfo	0x40c7247c
si_swapinfo	0xec13c83c
simple_attr_open	0x7c8e2db2
simple_attr_read	0x730c85fe
simple_attr_release	0xf289dbc4
simple_attr_write	0x881b4364
simple_open	0x7b9dbc42
simple_read_from_buffer	0x619cb7dd
simple_strtol	0x0b742fd7
simple_strtoul	0x20000329
simple_write_to_buffer	0xbb4f4766
single_open	0x739706ab
single_release	0x05dc6186
sk_alloc	0xbfb2c506
sk_error_report	0xa9ee2e1b
sk_free	0x56be23e1
skb_add_rx_frag	0x3a6d2842
skb_append_pagefrags	0x40f1684f
skb_checksum	0x7cf442a9
skb_clone	0x434da991
skb_coalesce_rx_frag	0xc894f5d2
skb_copy	0x137d9905
skb_copy_bits	0x0d9a87a8
skb_copy_datagram_from_iter	0xaf40cfcb
skb_copy_datagram_iter	0xe2161436
skb_dequeue	0x9b0b74c7
skb_free_datagram	0xc56d7559
skb_pull	0xeddb190e
skb_push	0x6367416f
skb_put	0xfddec350
skb_queue_head	0x5c26301d
skb_queue_purge	0x4e60e016
skb_queue_tail	0x6e3a5b6a
skb_realloc_headroom	0x58a59e92
skb_recv_datagram	0x3c6dc244
skb_set_owner_w	0x58fb411e
skb_store_bits	0x87132d1c
skb_trim	0x8d82e354
skb_unlink	0x3b1d20e2
skip_spaces	0xb71589f0
slim_alloc_txn_tid	0xec5ec662
slim_driver_unregister	0x8883f2f1
slim_free_txn_tid	0xa076723a
slim_get_logical_addr	0x121806a5
slim_msg_response	0xcd40e1f8
slim_readb	0x53616af4
slim_register_controller	0x6743780d
slim_report_absent	0xff59cd06
slim_stream_allocate	0x5d882292
slim_stream_disable	0x0ae45f5f
slim_stream_enable	0xfaac2593
slim_stream_prepare	0x9f1210c8
slim_stream_unprepare_disconnect_port	0x6d785760
slim_unregister_controller	0x16d82d93
slim_writeb	0xa2bcd346
smp_call_function	0xa0eae826
smp_call_function_single	0x6228c21f
smp_call_function_single_async	0xa080c5e5
snd_event_client_deregister	0x0096bc03
snd_event_client_register	0xb3c80c3e
snd_event_master_deregister	0x55673a04
snd_event_master_register	0xe78cdfa3
snd_event_mstr_add_client	0x13f90cdb
snd_event_notify	0x36796d69
snd_info_create_card_entry	0x827dd4d0
snd_info_create_module_entry	0x62360a03
snd_info_free_entry	0xacf26b8f
snd_info_register	0x1fa0a2c6
snd_interval_refine	0x04cda566
snd_jack_set_key	0x19d2d910
snd_pcm_format_physical_width	0x68a24153
snd_pcm_format_width	0xe56a9336
snd_soc_add_card_controls	0x9cf958f7
snd_soc_add_component_controls	0x40703753
snd_soc_bytes_info_ext	0x13ac9481
snd_soc_bytes_tlv_callback	0x57cb24c0
snd_soc_card_get_kcontrol	0xfe52dd2e
snd_soc_card_jack_new	0x5fd908c1
snd_soc_component_init_regmap	0x404c5fd5
snd_soc_component_read	0x5d17825d
snd_soc_component_update_bits	0xf0ee2a93
snd_soc_component_write	0x51cdd827
snd_soc_dai_get_channel_map	0xdff80000
snd_soc_dai_set_channel_map	0x8c51fe19
snd_soc_dapm_add_routes	0x78b5a5b0
snd_soc_dapm_disable_pin	0x0602a821
snd_soc_dapm_force_enable_pin	0xf116436b
snd_soc_dapm_get_enum_double	0xbfd95ceb
snd_soc_dapm_get_volsw	0x0f2b5276
snd_soc_dapm_ignore_suspend	0xea7e66b7
snd_soc_dapm_kcontrol_widget	0x00a2c1fa
snd_soc_dapm_mixer_update_power	0xef5e7921
snd_soc_dapm_mux_update_power	0xa95c97c9
snd_soc_dapm_new_controls	0xe58d9664
snd_soc_dapm_new_widgets	0x2217d2e3
snd_soc_dapm_put_enum_double	0x2730222a
snd_soc_dapm_put_volsw	0x6f3d2d87
snd_soc_dapm_sync	0xcd16289f
snd_soc_get_enum_double	0x6012eda7
snd_soc_get_volsw	0x8d1f3b35
snd_soc_info_enum_double	0x10469bef
snd_soc_info_multi_ext	0xcaf7db04
snd_soc_info_volsw	0x09fdf64b
snd_soc_jack_report	0xc63c3646
snd_soc_lookup_component	0xa673e375
snd_soc_of_parse_audio_routing	0x96494d86
snd_soc_of_parse_card_name	0x6444d6c3
snd_soc_pm_ops	0x198825b6
snd_soc_put_enum_double	0xef2f5276
snd_soc_put_volsw	0xfb6f8371
snd_soc_register_component	0x61bd6f6b
snd_soc_rtdcom_lookup	0x65296e37
snd_soc_unregister_card	0xbd6bd42f
snd_soc_unregister_component	0x7f38e916
snd_usb_autoresume	0x9c2edab7
snd_usb_autosuspend	0x9fc73a86
snd_usb_endpoint_close	0x445aac28
snd_usb_endpoint_configure	0x3a0342b4
snd_usb_endpoint_open	0xe350577b
snprintf	0x656e4a6e
soc_aux_deinit_only_sia81xx	0x6c90dc30
soc_aux_init_only_sia81xx	0xf401666e
soc_device_register	0x87205e6a
soc_device_unregister	0x19c20269
socinfo_get_feature_code	0xfcf2dc8e
socinfo_get_id	0x730a46e6
socinfo_get_id_string	0x36b5aac0
socinfo_get_part_info	0x55ff92bf
socinfo_get_partinfo_chip_id	0x98b5304f
socinfo_get_partinfo_part_name	0xe698c86e
socinfo_get_partinfo_vulkan_id	0xea6623d5
socinfo_get_pcode	0xf3617ca8
socinfo_get_serial_number	0xd3b5f1bb
sock_alloc_send_pskb	0xdee15ed8
sock_create_kern	0x883648f5
sock_gettstamp	0x72f44f98
sock_init_data	0x1edbf285
sock_no_accept	0xd34e98b5
sock_no_listen	0x531395cf
sock_no_mmap	0xe9c3b020
sock_no_sendpage	0x6027f5cc
sock_no_shutdown	0x9ae197f1
sock_no_socketpair	0xf1e2d5f9
sock_queue_rcv_skb	0xf0ac0c25
sock_register	0x14e5d945
sock_release	0x5228b05b
sock_setsockopt	0x44bf2051
sock_unregister	0x62737e1d
sort	0xb7c0f443
spf_core_apm_close_all	0x8892c6d0
spf_core_is_apm_ready	0x7e8184fc
spi_register_controller	0x0376ccbe
spi_setup	0xa7b14d70
spi_sync	0x47c4cbb4
spi_unregister_controller	0xbbded0c9
split_page	0x01184a48
spmi_controller_add	0xf7f3c3bd
spmi_controller_alloc	0x42a12f4c
spmi_controller_remove	0xafc99d3f
spmi_ext_register_read	0x9e2bdf0b
spmi_ext_register_readl	0xff6959f9
spmi_ext_register_write	0xbef06ef0
spmi_ext_register_writel	0x5c10d497
spmi_pmic_arb_map_address	0xdc703958
spmi_register_read	0xd2218129
spmi_register_write	0x18634676
spmi_register_zero_write	0x857e68f9
sprint_symbol	0x661601de
sprintf	0x3c3ff9fd
sps_alloc_endpoint	0x538e2504
sps_bam_disable_irqs	0x96d962ca
sps_bam_enable_irqs	0x96ccda4a
sps_connect	0xb17fb7c0
sps_deregister_bam_device	0x31472e84
sps_device_reset	0xb21d93eb
sps_disconnect	0x31a85ef3
sps_free_endpoint	0x2db6f573
sps_get_bam_addr	0xc933d2eb
sps_get_bam_debug_info	0x8d37946b
sps_get_config	0xa6d6d4c1
sps_phy2h	0xaf0c4f48
sps_pipe_reset	0x5e208f0e
sps_register_bam_device	0x71166874
sps_register_event	0xbc264779
sps_set_config	0x0a5e439f
sps_setup_bam2bam_fifo	0xc9482643
sps_timer_ctrl	0xaa8378f7
sps_transfer	0xaea9a48f
sps_transfer_one	0xbc161640
srcu_init_notifier_head	0xa02d239a
srcu_notifier_call_chain	0xce9884d7
srcu_notifier_chain_register	0x4c1feec0
srcu_notifier_chain_unregister	0x75dd14d2
sscanf	0xbcab6ee6
stack_depot_fetch	0x051a0bc1
static_key_disable	0xb912560d
stm_data_write	0x68d92c47
stm_register_device	0x644043f7
stm_register_protocol	0x445cf98d
stm_source_register_device	0x31fec22f
stm_source_unregister_device	0xd3adaf7f
stm_source_write	0xf6a67c59
stm_unregister_device	0x39b7a1bf
stm_unregister_protocol	0x73435891
stop_machine	0xdfc04014
stop_one_cpu	0xb9b9f56e
stop_one_cpu_nowait	0x60d1f7de
store_sampling_rate	0x7b69a26a
stpcpy	0xf4db35bc
strcasecmp	0xaafdc258
strchr	0x349cba85
strchrnul	0xceab0311
strcmp	0xe2d5255a
strcpy	0xe914e41e
strim	0x77bc13a0
strlcat	0xf9c0b663
strlcpy	0x5792f848
strlen	0x98cf60b3
strncasecmp	0x96b29254
strnchr	0x4841bdee
strncmp	0x5a921311
strncpy	0x9166fada
strnlen	0xa916b694
strnstr	0xc310b981
strpbrk	0x9a1dfd65
strrchr	0x9f984513
strreplace	0x7410aba2
strscpy	0xdd64e639
strscpy_pad	0xfbb8a761
strsep	0x85df9b6c
strstr	0x1e6d26a8
submit_bio	0x6418d54f
submit_bio_wait	0x5fee7772
swr_connect_port	0x4dd7c819
swr_device_down	0x8952c354
swr_device_up	0xc30b4fff
swr_device_wakeup_unvote	0x1a2ac392
swr_device_wakeup_vote	0x8577c159
swr_disconnect_port	0xa05602e1
swr_driver_register	0xcea6a94e
swr_driver_unregister	0x9029b8d0
swr_get_logical_dev_num	0xe70df549
swr_init_port_params	0xb9893d10
swr_master_add_boarddevices	0x109273d6
swr_port_response	0xab993453
swr_read	0xcb7c25ff
swr_register_master	0xd0ffadff
swr_remove_device	0xc54755c4
swr_reset_device	0xf4af6f33
swr_set_device_group	0x55322caf
swr_slvdev_datapath_control	0x7d2a7144
swr_unregister_master	0x1892cc33
swr_write	0x0f4b20d1
swrm_wcd_notify	0x8713543c
sync_file_create	0x45f84c42
sync_file_get_fence	0x4dca08ee
synchronize_irq	0xe523ad75
synchronize_net	0x609f1c7e
synchronize_rcu	0x6091797f
synchronize_srcu	0xdc642c4c
sys_tz	0xfe5d4bb2
syscon_node_to_regmap	0xc685e4a0
syscon_regmap_lookup_by_phandle	0x6f6fe0d9
sysctl_sched_features	0x84da85bb
sysctl_vals_new	0xfb025849
sysfs_add_file_to_group	0xff5bc9e3
sysfs_add_link_to_group	0x7163190a
sysfs_create_bin_file	0x88940688
sysfs_create_file_ns	0xa8f73ef5
sysfs_create_files	0xefcb91eb
sysfs_create_group	0x1da5bdd1
sysfs_create_groups	0xd3fe314a
sysfs_create_link	0x038677ca
sysfs_emit	0xe783e261
sysfs_notify	0x9304c8a2
sysfs_remove_bin_file	0xce2501e7
sysfs_remove_file_from_group	0xba009c73
sysfs_remove_file_ns	0xd1fd9abb
sysfs_remove_files	0x32805c25
sysfs_remove_group	0x08c05688
sysfs_remove_groups	0x30c19b90
sysfs_remove_link	0x5b93a483
sysfs_remove_link_from_group	0x4402ef19
sysfs_streq	0x222e7ce2
sysrq_mask	0x4a17ed66
system_32bit_el0_cpumask	0x7d43b425
system_freezable_wq	0xd4034828
system_freezing_cnt	0x7ab88a45
system_highpri_wq	0xcd91b127
system_long_wq	0x131db64a
system_power_efficient_wq	0x47884890
system_state	0x015af7f4
system_unbound_wq	0xd4c14632
system_wq	0x2d3385d3
task_active_pid_ns	0x8e66fc87
task_may_not_preempt	0x665dc9a6
tasklet_init	0x2364c85a
tasklet_kill	0x0ea3c74e
tasklet_setup	0xa07d1b3c
tasklet_unlock_wait	0x350f6ce5
tasklist_lock	0x673472ea
tcpc_class	0xd7efac0c
tcpc_class_complete_init	0xaac6bf59
tcpc_dev_get_by_name	0xd31cef3a
tcpc_device_irq_enable	0x96ccebb4
tcpc_device_register	0xefe36750
tcpc_device_unregister	0xd7fd8caa
tcpc_get_dev_data	0x1e0256e5
tcpc_typec_is_act_as_sink_role	0x5ca4db1c
tcpci_alert	0x3eb75c52
tcpci_alert_power_status_changed	0x600c2c2c
tcpci_lock_typec	0xbb57ad57
tcpci_unlock_typec	0xdbd15a78
tcpm_dpm_pd_data_swap	0x5df4c509
tcpm_dpm_pd_power_swap	0x532de149
tcpm_dpm_pd_vconn_swap	0x3f007230
tcpm_inquire_cc_polarity	0xab028500
tcpm_inquire_dpm_flags	0x80367991
tcpm_inquire_pd_data_role	0x5a77d7c6
tcpm_inquire_pd_partner_inform	0x3c34f2cd
tcpm_inquire_pd_power_role	0x57d887bc
tcpm_inquire_pd_vconn_role	0x97b249e8
tcpm_shutdown	0xcdf2ad23
tcpm_typec_change_role	0x0b9c8e2d
tcpm_typec_change_role_postpone	0x3794891c
tcpm_typec_role_swap	0xa067a00a
thermal_cdev_update	0xba4618ec
thermal_cooling_device_register	0x0066e8a7
thermal_cooling_device_unregister	0xbe4a6e97
thermal_of_cooling_device_register	0xcf94cd42
thermal_pressure	0xb9d6f369
thermal_zone_device_enable	0x26120924
thermal_zone_device_register	0x359903bc
thermal_zone_device_unregister	0x4e8186ce
thermal_zone_device_update	0x45c436a9
thermal_zone_get_temp	0x51bc71de
thermal_zone_get_zone_by_name	0xdfa82fb3
thermal_zone_of_sensor_register	0xb8b27af9
thermal_zone_of_sensor_unregister	0x99f56a3b
tick_nohz_get_sleep_length	0x1939cb0f
time64_to_tm	0x0fff5afc
to_mem_buf_vmperm	0x1141f10b
topology_clear_scale_freq_source	0x03a20a41
topology_set_thermal_pressure	0xea0dce63
topology_update_done	0xc7b3d143
touch_softlockup_watchdog	0x6fcb87a1
trace_array_put	0x25f64216
trace_event_buffer_commit	0x0a19d380
trace_event_buffer_reserve	0xb464157f
trace_event_ignore_this_pid	0x6a2762f5
trace_event_printf	0x9df162b8
trace_event_raw_init	0xd0d03b9a
trace_event_reg	0xa35d7098
trace_handle_return	0x7381287f
trace_print_array_seq	0xc3bc72ad
trace_print_flags_seq	0x99078b39
trace_print_symbols_seq	0xcc5c2df4
trace_raw_output_prep	0xa408db3a
trace_seq_printf	0x525d0aa3
trace_seq_putc	0x1b5f4377
tracepoint_probe_register	0x95e102ab
tracepoint_probe_register_prio	0x9b70c6ff
tracepoint_probe_unregister	0xdbeeece6
tracing_off	0x7944e0fc
try_module_get	0x55b19677
try_to_free_mem_cgroup_pages	0x67f3edc8
try_wait_for_completion	0x21ef374c
tty_flip_buffer_push	0xf0104123
tty_insert_flip_string_fixed_flag	0x3b69cd4c
typec_get_drvdata	0xf4d555ce
typec_partner_set_identity	0xf43ea2f6
typec_register_partner	0xc734b488
typec_register_port	0xe1db87f5
typec_set_data_role	0x280c9244
typec_set_pwr_opmode	0xb3e23c17
typec_set_pwr_role	0xdc42cbea
typec_set_vconn_role	0xc9e79b4a
typec_unregister_partner	0xfde7f61e
typec_unregister_port	0xd52a658d
uart_add_one_port	0x95e7d2d1
uart_get_baud_rate	0x7a752065
uart_insert_char	0xafe128fe
uart_register_driver	0xb8d42e80
uart_remove_one_port	0x4c57eefc
uart_resume_port	0x9151754d
uart_suspend_port	0xf78e193f
uart_try_toggle_sysrq	0xbc5b923a
uart_unregister_driver	0x6ff5b824
uart_update_timeout	0xbbee11e1
uart_write_wakeup	0xc65f49af
uclamp_eff_value	0x2215bde5
ucsi_connector_change	0x7e6b4418
ucsi_create	0x1036bce3
ucsi_destroy	0x4d37b9c8
ucsi_get_drvdata	0x63a5db40
ucsi_register	0x4b467b65
ucsi_set_drvdata	0xfa0a0f98
ucsi_unregister	0x79f1e621
ufs_qcom_phy_calibrate	0x0a3702bb
ufs_qcom_phy_ctrl_rx_linecfg	0x7cf85462
ufs_qcom_phy_dbg_register_dump	0xe2f4ac6d
ufs_qcom_phy_dbg_register_save	0x70c571c9
ufs_qcom_phy_dump_regs	0xc59fbfb4
ufs_qcom_phy_generic_probe	0x8e377e75
ufs_qcom_phy_get_reset	0x9cd685a0
ufs_qcom_phy_init_clks	0x560c6df8
ufs_qcom_phy_init_vregulators	0x6b8b67e8
ufs_qcom_phy_power_off	0x38e22232
ufs_qcom_phy_power_on	0x6c08323b
ufs_qcom_phy_save_controller_version	0x9a04f665
ufs_qcom_phy_save_regs	0x547a4400
ufs_qcom_phy_set_src_clk_h8_enter	0x5c9844bd
ufs_qcom_phy_set_src_clk_h8_exit	0xc90c97a3
ufs_qcom_phy_set_tx_lane_enable	0x51f702e0
ufs_qcom_phy_write_tbl	0x84a288bf
ufshcd_auto_hibern8_update	0xfa31272e
ufshcd_dme_get_attr	0x0a5e3087
ufshcd_dme_set_attr	0x1406f1d9
ufshcd_dump_regs	0x223ced0b
ufshcd_fixup_dev_quirks	0x72fbd67b
ufshcd_get_local_unipro_ver	0x89eb5948
ufshcd_hold	0x394198c5
ufshcd_pltfrm_init	0x6722f00d
ufshcd_pltfrm_shutdown	0x7739ef94
ufshcd_qti_hba_init_crypto_capabilities	0x8848db17
ufshcd_query_attr	0xbb65f144
ufshcd_query_descriptor_retry	0x0014503f
ufshcd_query_flag	0xa66a595e
ufshcd_release	0xaeb292b2
ufshcd_remove	0x167c772e
ufshcd_resume_complete	0xf616cd54
ufshcd_runtime_resume	0xf77ae225
ufshcd_runtime_suspend	0xbafed781
ufshcd_suspend_prepare	0xcd3a0a7e
ufshcd_system_resume	0xa1b3aa03
ufshcd_system_suspend	0x68a59b34
ufshcd_uic_hibern8_enter	0x452fcee7
ufshcd_uic_hibern8_exit	0xbea03bfd
uio_unregister_device	0xfd3cfb1a
uninit_lct_tp_gesture	0xb01efbd2
uninit_lct_tp_grip_area	0x2d183cba
uninit_lct_tp_info	0xce20b7b4
uninit_lct_tp_selftest	0x72b690dc
uninit_lct_tp_work	0x0158a2dc
unlock_page	0x4466ae63
unregister_blkdev	0xb5a459dc
unregister_chrdev_region	0x6091b333
unregister_console	0x4307f7af
unregister_die_notifier	0x121d958a
unregister_ftrace_export	0x81f372a2
unregister_inet6addr_notifier	0x2fe252cc
unregister_inetaddr_notifier	0xfe029963
unregister_kretprobe	0xce598ef2
unregister_millet_hook	0xb929fd5b
unregister_netdev	0x4f8abfa5
unregister_netdevice_many	0x9fdecc31
unregister_netdevice_notifier	0x9d0d6206
unregister_netdevice_queue	0xce1cf783
unregister_netevent_notifier	0x4fe1eddf
unregister_pernet_device	0xffe9e33d
unregister_pm_notifier	0x7681946c
unregister_reboot_notifier	0xac1a55be
unregister_restart_handler	0x40d59096
unregister_rpmsg_driver	0xca9e8c86
unregister_shrinker	0x0e3f5522
unregister_sysctl_table	0xd691c6a9
unregister_tcp_dev_notifier	0x3c5add2e
up	0xcf2a6966
up_read	0x6b50e951
up_write	0x20d81059
update_devfreq	0xff8509c2
update_lct_tp_info	0x840af637
update_rq_clock	0x91eb7f1b
usb_add_phy_dev	0x4c3b0929
usb_alloc_coherent	0x52e71182
usb_assign_descriptors	0x3600a9e1
usb_bam_alloc_fifos	0x7803609d
usb_bam_connect	0x69d80ab0
usb_bam_disconnect_pipe	0xe7838d88
usb_bam_free_fifos	0x1ba2ffc4
usb_bam_get_bam_type	0xca94d11c
usb_bam_get_connection_idx	0xb9793ee5
usb_composite_setup_continue	0x5beda6a9
usb_control_msg	0x106b77f5
usb_control_msg_recv	0x57fb9b84
usb_control_msg_send	0x25db13a9
usb_decode_ctrl	0x4531624f
usb_deregister	0x992ccc03
usb_ep_alloc_request	0x880d48e4
usb_ep_autoconfig	0x1a36c080
usb_ep_dequeue	0xbadfaba7
usb_ep_disable	0x1aec8cdd
usb_ep_enable	0x2dbea237
usb_ep_free_request	0x1d6766db
usb_ep_queue	0xd4616fc7
usb_ep_set_halt	0x8310b89e
usb_ep_set_maxpacket_limit	0x77ec757b
usb_free_all_descriptors	0x44695a6a
usb_free_coherent	0xb4127c16
usb_function_register	0xfb75c796
usb_function_unregister	0x6cc38979
usb_gadget_wakeup	0x7f2a2646
usb_gsi_ep_op	0xcc18a48f
usb_gstrings_attach	0xa321212b
usb_ifnum_to_if	0xa871beb2
usb_interface_id	0xb1173a32
usb_os_desc_prepare_interf_dir	0x4f84f82d
usb_phy_set_charger_current	0x39ed64e7
usb_pipe_type_check	0xd1c494a0
usb_put_function_instance	0xc6b4cf41
usb_qdss_alloc_req	0xfd72f93e
usb_qdss_close	0x8b49b708
usb_qdss_free_req	0x37fdbc2b
usb_qdss_open	0x28d4623a
usb_qdss_write	0xf62033ec
usb_register_driver	0xfebd8090
usb_register_notify	0x89bbafc6
usb_remove_phy	0xc5d795a4
usb_role_string	0x39aa4888
usb_role_switch_find_by_fwnode	0xc5f12f0a
usb_role_switch_get_drvdata	0x1690b503
usb_role_switch_register	0x391c7789
usb_role_switch_set_role	0xd5474690
usb_role_switch_unregister	0x2882d40e
usb_speed_string	0x77ae495d
usb_string_id	0x0d4790f7
usb_unregister_notify	0x811dc334
usbpd_create	0x67759cae
usbpd_destroy	0x737fc108
usleep_range_state	0xc3055d20
v4l2_compat_ioctl32	0x25e6118b
v4l2_ctrl_find	0x230e396c
v4l2_ctrl_handler_free	0x1b369a1a
v4l2_ctrl_handler_init_class	0x179cbe5d
v4l2_ctrl_handler_setup	0x470e7e06
v4l2_ctrl_new_custom	0xd4e0b8c7
v4l2_ctrl_new_std	0x82976b81
v4l2_ctrl_new_std_menu	0x23502199
v4l2_device_register	0xfcb065f8
v4l2_device_register_subdev	0x32907b2d
v4l2_device_unregister	0xdfccd4a7
v4l2_device_unregister_subdev	0xb3aeb041
v4l2_event_dequeue	0x07063d1d
v4l2_event_pending	0x41fd06d6
v4l2_event_queue	0x7f8a7d44
v4l2_event_queue_fh	0x39ccfb93
v4l2_event_subscribe	0x8493e123
v4l2_event_unsubscribe	0x9b8a8100
v4l2_fh_add	0x9a6beb12
v4l2_fh_del	0x35424a8c
v4l2_fh_exit	0x2833e2b0
v4l2_fh_init	0xd521c4f9
v4l2_fh_open	0x1f9aea3a
v4l2_fh_release	0x1d10ec54
v4l2_m2m_buf_queue	0xcdcc3349
v4l2_m2m_buf_remove	0x56707324
v4l2_m2m_ctx_init	0x9cdf506d
v4l2_m2m_ctx_release	0x4215b3e1
v4l2_m2m_dqbuf	0x6cb8b671
v4l2_m2m_get_vq	0xdee8ffb4
v4l2_m2m_init	0x730f2eae
v4l2_m2m_job_finish	0xbbf19e6e
v4l2_m2m_next_buf	0x54f47d71
v4l2_m2m_poll	0x1fda7a28
v4l2_m2m_qbuf	0x4a0074df
v4l2_m2m_querybuf	0x8b71f76e
v4l2_m2m_release	0xc6fca5ad
v4l2_m2m_reqbufs	0xcfdfc1c3
v4l2_m2m_streamoff	0xf8128c98
v4l2_m2m_streamon	0xd51ece28
v4l2_m2m_try_schedule	0x871d6100
v4l2_s_ctrl	0xf1e72563
v4l2_subdev_call_wrappers	0x5968a6d1
v4l2_subdev_init	0x1203a42f
vabits_actual	0xc56a41e6
vb2_buffer_done	0xe0621179
vb2_dqbuf	0x6d4177bb
vb2_ops_wait_finish	0x21c92c96
vb2_ops_wait_prepare	0xa4ea46e3
vb2_qbuf	0x7372c55e
vb2_queue_init	0x9112daeb
vb2_queue_release	0xbde9ad39
vb2_reqbufs	0x7bd697af
vb2_streamoff	0xbe62adeb
vb2_streamon	0x4029e170
vchan_dma_desc_free_list	0xca27fb9f
vchan_find_desc	0x0ac87e78
vchan_init	0x2301f4c6
vchan_tx_desc_free	0x360c5ac5
vchan_tx_submit	0xecb24fd2
verify_pkcs7_signature	0xda0ee32f
vfree	0x999e8297
video_devdata	0xf5b8e9b4
video_device_alloc	0x1a55b97c
video_device_release	0x8f781a31
video_device_release_empty	0xa3f050fc
video_ioctl2	0x8f44ad68
video_unregister_device	0x1f61040d
vm_get_page_prot	0x2c91e17c
vm_insert_page	0x9c293e84
vm_iomap_memory	0x4cb9ffc2
vm_map_pages	0x1d2f78e2
vm_node_stat	0xcf1a72df
vm_zone_stat	0xba0676e2
vmalloc	0xd6ee688f
vmalloc_nr_pages	0x7ccb0ada
vmalloc_to_page	0x9fe64cf1
vmalloc_to_pfn	0x3744cf36
vmap	0xbfbc2abf
vmemdup_user	0x90576ec4
vmf_insert_mixed	0xc2cd5c3c
vmf_insert_pfn	0x6838fbe1
vote	0xb31e0c2b
vprintk	0x715a5ed0
vscnprintf	0xaa0c318b
vsnprintf	0x00148653
vunmap	0x94961283
vzalloc	0x40a9b349
wait_for_completion	0x25974000
wait_for_completion_interruptible	0x2e3bcce2
wait_for_completion_interruptible_timeout	0xf02aa937
wait_for_completion_timeout	0x4a3ad70e
wait_on_page_bit	0x90271046
wake_up_if_idle	0xf6abaae1
wake_up_process	0x4addd462
wakeup_source_register	0x51bd64fa
wakeup_source_unregister	0x2baef3ed
walt_pause_cpus	0x9b0d45d8
walt_resume_cpus	0x74003fdd
wcd937x_info_create_codec_entry	0x5ac108f3
wcd937x_mbhc_hs_detect	0x18220d87
wcd937x_sia81xx_resume	0x1d1fc010
wcd937x_sia81xx_suspend	0xeca4921f
wcd_cal_create_hwdep	0xbc8bd43b
wcd_cls_h_fsm	0x2f0c6080
wcd_cls_h_init	0x9df709eb
wcd_disable_irq	0x8ac16651
wcd_enable_irq	0x8a68c353
wcd_free_irq	0xbf9b8a4d
wcd_irq_exit	0xd2de9146
wcd_irq_init	0x22490208
wcd_mbhc_deinit	0x49f68940
wcd_mbhc_get_impedance	0xd683fa45
wcd_mbhc_init	0x5cfd4004
wcd_mbhc_start	0x1810a52a
wcd_mbhc_stop	0x096bbe3b
wcd_request_irq	0x387e2d70
wcdcal_get_fw_cal	0xe750852b
wcnss_prealloc_get	0xdff15e8a
wcnss_prealloc_put	0x0521fc53
wiphy_free	0x9760c0b8
wiphy_new_nm	0xdd0039e6
wiphy_register	0x9fa46f95
wiphy_unregister	0xa06ccca9
wireless_nlevent_flush	0x1e8fac8e
wireless_send_event	0x9763921f
wlfw_athdiag_read_req_msg_v01_ei	0x57d2f778
wlfw_athdiag_read_resp_msg_v01_ei	0x68a593cc
wlfw_athdiag_write_req_msg_v01_ei	0x9e1cfa12
wlfw_athdiag_write_resp_msg_v01_ei	0xc50bd587
wlfw_bdf_download_req_msg_v01_ei	0xf9f95072
wlfw_bdf_download_resp_msg_v01_ei	0x88de5175
wlfw_cal_done_ind_msg_v01_ei	0x82d5a295
wlfw_cal_report_req_msg_v01_ei	0x39ee68dc
wlfw_cal_report_resp_msg_v01_ei	0xb970c8a2
wlfw_cap_req_msg_v01_ei	0xf93473cd
wlfw_cap_resp_msg_v01_ei	0xd300324b
wlfw_device_info_req_msg_v01_ei	0x7c0786d6
wlfw_device_info_resp_msg_v01_ei	0x59e0c852
wlfw_dynamic_feature_mask_req_msg_v01_ei	0x20ffae1a
wlfw_dynamic_feature_mask_resp_msg_v01_ei	0xcb6ebee1
wlfw_fw_init_done_ind_msg_v01_ei	0x1ae65c6b
wlfw_fw_ready_ind_msg_v01_ei	0xf5f3f81b
wlfw_get_info_req_msg_v01_ei	0x648deec0
wlfw_get_info_resp_msg_v01_ei	0xad2cf76b
wlfw_host_cap_req_msg_v01_ei	0xcb847d99
wlfw_host_cap_resp_msg_v01_ei	0xbf3417a8
wlfw_ind_register_req_msg_v01_ei	0xae90a96c
wlfw_ind_register_resp_msg_v01_ei	0x728605ef
wlfw_ini_req_msg_v01_ei	0x394d6346
wlfw_ini_resp_msg_v01_ei	0xa9aa11f3
wlfw_m3_dump_upload_done_req_msg_v01_ei	0xf9807164
wlfw_m3_dump_upload_done_resp_msg_v01_ei	0x7c0a9d05
wlfw_m3_dump_upload_segments_req_ind_msg_v01_ei	0x285b5d6e
wlfw_mac_addr_req_msg_v01_ei	0x8bde4e47
wlfw_mac_addr_resp_msg_v01_ei	0xde1fb248
wlfw_msa_info_req_msg_v01_ei	0xefbf61b1
wlfw_msa_info_resp_msg_v01_ei	0x8aa5844e
wlfw_msa_ready_ind_msg_v01_ei	0x23054b22
wlfw_msa_ready_req_msg_v01_ei	0x8498ed9b
wlfw_msa_ready_resp_msg_v01_ei	0x51756a14
wlfw_pin_connect_result_ind_msg_v01_ei	0x360becd3
wlfw_power_save_req_msg_v01_ei	0xb291014b
wlfw_qdss_trace_config_download_req_msg_v01_ei	0xff41d476
wlfw_qdss_trace_config_download_resp_msg_v01_ei	0x8fb52de8
wlfw_qdss_trace_data_req_msg_v01_ei	0x3aba511d
wlfw_qdss_trace_data_resp_msg_v01_ei	0x55106ebd
wlfw_qdss_trace_free_ind_msg_v01_ei	0x9fadaee0
wlfw_qdss_trace_mem_info_req_msg_v01_ei	0x67bf5287
wlfw_qdss_trace_mem_info_resp_msg_v01_ei	0x459711e4
wlfw_qdss_trace_mode_req_msg_v01_ei	0x3fef7722
wlfw_qdss_trace_mode_resp_msg_v01_ei	0xe37316a6
wlfw_qdss_trace_req_mem_ind_msg_v01_ei	0xcf6bbe28
wlfw_qdss_trace_save_ind_msg_v01_ei	0xeffd72d5
wlfw_rejuvenate_ack_req_msg_v01_ei	0xa195c252
wlfw_rejuvenate_ack_resp_msg_v01_ei	0xb3e81d2f
wlfw_rejuvenate_ind_msg_v01_ei	0x5f2db6f1
wlfw_respond_get_info_ind_msg_v01_ei	0x3d1468c6
wlfw_shutdown_req_msg_v01_ei	0x7ac72048
wlfw_shutdown_resp_msg_v01_ei	0x4e51b6b7
wlfw_soc_wake_req_msg_v01_ei	0x4ca918a2
wlfw_soc_wake_resp_msg_v01_ei	0x0eb8d3e9
wlfw_subsys_restart_level_req_msg_v01_ei	0x6966cca0
wlfw_subsys_restart_level_resp_msg_v01_ei	0xe0937d11
wlfw_vbatt_req_msg_v01_ei	0xdfb04206
wlfw_vbatt_resp_msg_v01_ei	0xdf90ad42
wlfw_wlan_cfg_req_msg_v01_ei	0x7651b256
wlfw_wlan_cfg_resp_msg_v01_ei	0xb4521d46
wlfw_wlan_hw_init_cfg_req_msg_v01_ei	0x05ec95a3
wlfw_wlan_hw_init_cfg_resp_msg_v01_ei	0x79f6a6f2
wlfw_wlan_mode_req_msg_v01_ei	0x3b62851c
wlfw_wlan_mode_resp_msg_v01_ei	0x221686ff
work_busy	0x86ab091d
ww_mutex_lock	0xa614f0a4
ww_mutex_unlock	0xfd5aabce
xa_destroy	0xd9491c14
xa_erase	0x0745a981
xa_find	0x8fa25c24
xa_find_after	0xdf36914b
xa_load	0xa85a3e6d
xa_store	0x5b3e282f
xfrm_lookup	0x9d232440
xhci_alloc_command	0x405fb948
xhci_alloc_erst	0xf9963727
xhci_free_command	0xc1cb2268
xhci_get_endpoint_index	0x57d4050a
xhci_queue_stop_endpoint	0x47802733
xhci_ring_alloc	0x067f8d49
xhci_ring_cmd_db	0x266a7026
xhci_ring_free	0x0498e7db
xhci_trb_virt_to_dma	0x83e71096
xiaomi_touch_mievent_report_int	0x68a8f310
xiaomi_touch_mievent_report_str	0xf1e80282
xiaomitouch_register_modedata	0x7a063db5
zap_vma_ptes	0x95e13d4e
zs_compact	0x5da67adc
zs_create_pool	0xbcf1f0e6
zs_destroy_pool	0xc69b7ee5
zs_free	0x958df3ac
zs_get_total_pages	0xcbe56bc2
zs_huge_class_size	0x3d8baf3b
zs_malloc	0xb29533ee
zs_map_object	0xc341ae6d
zs_pool_stats	0x7cceaf92
zs_unmap_object	0x924c46f8
